paper_id,day,title,authors_short,authors,relevance,include_decision,editing_cluster,method_family,modality,reading_priority,best_use,editing_intent,evidence_basis,signals,exclusion_reason,paper_page,pdf,arxiv,abstract
2,2026-06-05,CompBench: Benchmarking Complex Instruction-guided Image Editing,"Bohan Jia, Wenxuan Huang, Yuntian Tang et al.",Bohan Jia; Wenxuan Huang; Yuntian Tang; Junbo Qiao; Jincheng Liao; Shaosheng Cao; Fei Zhao; Zhaopeng Feng; Zhouhong Gu; Zhenfei Yin; Lei Bai; Wanli Ouyang; Lin Chen; Fei Zhao; Zihan Wang; Yuan Xie; Shaohui Lin,强相关,include,评测、数据与可信编辑,Benchmark / Evaluation,多模态指令,Deep Read,作为评测、授权、可信编辑和产品化约束阅读，适合指导后续benchmark设计。,评估、授权或约束编辑系统，使复杂指令和可信使用可被度量。,CVF metadata title-level triage; cached abstract available for audit,image editing; instruction[- ]guided image editing,,https://openaccess.thecvf.com/content/CVPR2026/html/Jia_CompBench_Benchmarking_Complex_Instruction-guided_Image_Editing_CVPR_2026_paper.html,https://openaccess.thecvf.com/content/CVPR2026/papers/Jia_CompBench_Benchmarking_Complex_Instruction-guided_Image_Editing_CVPR_2026_paper.pdf,https://arxiv.org/abs/2505.12200,"While real-world applications increasingly demand intricate scene manipulation, existing instruction-guided image editing benchmarks often oversimplify task complexity and lack comprehensive, fine-grained instructions. To bridge this gap, we introduce CompBench, a large-scale benchmark specifically designed for complex instruction-guided image editing. CompBench features challenging editing scenarios that incorporate fine-grained instruction following, spatial and contextual reasoning, thereby enabling comprehensive evaluation of image editing models' precise manipulation capabilities. To construct CompBench, we propose an MLLM-human collaborative framework with tailored task pipelines. Furthermore, we propose an instruction decoupling strategy that disentangles editing intents into four key dimensions: location, appearance, dynamics, and objects, ensuring closer alignment between instructions and complex editing requirements. Extensive evaluations reveal that CompBench exposes fundamental limitations of current image editing models and provides critical insights for the development of next-generation instruction-guided image editing systems. Our project page is available at https://comp-bench.github.io/."
13,2026-06-05,Erasing Thousands of Concepts: Towards Scalable and Practical Concept Erasure for Text-to-Image Diffusion Models,"Hoigi Seo, Byung Hyun Lee, Jaehyun Cho et al.",Hoigi Seo; Byung Hyun Lee; Jaehyun Cho; Sungjin Lim; Se Young Chun,强相关,include,概念擦除与模型治理,Diffusion Model,图像,Deep Read,作为安全编辑、模型治理与概念删除基线，重点看泛化、绕过与遗忘副作用。,从生成模型或输出行为中删除特定概念，兼顾安全和可控性。,CVF metadata title-level triage; cached abstract available for audit,concept erasure; erasing .*concept,,https://openaccess.thecvf.com/content/CVPR2026/html/Seo_Erasing_Thousands_of_Concepts_Towards_Scalable_and_Practical_Concept_Erasure_CVPR_2026_paper.html,https://openaccess.thecvf.com/content/CVPR2026/papers/Seo_Erasing_Thousands_of_Concepts_Towards_Scalable_and_Practical_Concept_Erasure_CVPR_2026_paper.pdf,https://arxiv.org/abs/2604.16481,"Large-scale text-to-image (T2I) diffusion models deliver remarkable visual fidelity but pose safety risks due to their capacity to reproduce undesirable content, such as copyrighted ones. Concept erasure has emerged as a mitigation strategy, yet existing approaches struggle to balance scalability, precision, and robustness, which restricts their applicability to erasing only a few hundred concepts. To address these limitations, we present Erasing Thousands of Concepts (ETC), a scalable framework capable of erasing thousands of concepts while preserving generation quality. Our method first models low-rank concept distributions via a Student's t-distribution Mixture Model (tMM). It enables pin-point erasure of target concepts via affine optimal transport while preserving others by anchoring the boundaries of target concept distributions without pre-defined anchor concepts. We then train a Mixture-of-Experts (MoE)-based module, termed MoEraser, which removes target embeddings while preserving the anchor embeddings. By injecting noise into the text embedding projector and fine-tuning MoEraser for recovery, our framework achieves robustness to white-box attack such as module removal. Extensive experiments on over 2,000 concepts across heterogeneous domains and diffusion models demonstrate state-of-the-art scalability and precision in large-scale concept erasure."
17,2026-06-05,RetouchIQ: MLLM Agents for Instruction-Based Image Retouching with Generalist Reward,"Qiucheng Wu, Jing Shi, Simon Jenni et al.",Qiucheng Wu; Jing Shi; Simon Jenni; Kushal Kafle; Tianyu Wang; Shiyu Chang; Handong Zhao,强相关,include,直接编辑、修补与合成,MLLM / Agent,多模态指令,Deep Read,作为图像编辑主线方法精读，重点看编辑保真度、局部不串扰和推理步数。,直接改变图像局部或整体内容，包括指令编辑、修补、合成、属性操控。,CVF metadata title-level triage; cached abstract available for audit,instruction[- ]based image (editing|retouching); image retouching,,https://openaccess.thecvf.com/content/CVPR2026/html/Wu_RetouchIQ_MLLM_Agents_for_Instruction-Based_Image_Retouching_with_Generalist_Reward_CVPR_2026_paper.html,https://openaccess.thecvf.com/content/CVPR2026/papers/Wu_RetouchIQ_MLLM_Agents_for_Instruction-Based_Image_Retouching_with_Generalist_Reward_CVPR_2026_paper.pdf,https://arxiv.org/abs/2602.17558,"Recent advances in multimodal large language models (MLLMs) have shown great potential for extending vision-language reasoning to professional tool-based image editing, enabling intuitive and creative editing. A promising direction is to use reinforcement learning (RL) to enable MLLMs to reason about and execute optimal tool-use plans within professional image-editing software. However, training remains challenging due to the lack of reliable, verifiable reward signals that can reflect the inherently subjective nature of creative editing. In this work, we introduce RetouchIQ, a framework that performs instruction-based executable image editing through MLLM agents guided by a generalist reward model. RetouchIQ interprets user-specified editing intentions and generates corresponding, executable Lightroom adjustments, bridging high-level aesthetic goals with precise parameter control. To move beyond conventional, rule-based rewards that compute similarity against a fixed reference image using handcrafted metrics, we propose a generalist reward model, an RL fine-tuned MLLM that evaluates edited results through a set of generated metrics on a case-by-case basis. Then, the reward model provides scalar feedback through multimodal reasoning, enabling reinforcement learning with high-quality, instruction-consistent gradients. We curate an extended dataset with 190k instruction-reasoning pairs and establish a new benchmark for instruction-based image editing. Experiments show that RetouchIQ substantially improves both semantic consistency and perceptual quality over previous MLLM-based and diffusion-based editing systems. Our findings demonstrate the potential of generalist reward-driven MLLM agents as flexible, explainable, and executable assistants for professional image editing."
33,2026-06-05,The Consistency Critic: Correcting Inconsistencies in Generated Images via Reference-Guided Attentive Alignment,"Ziheng Ouyang, Yiren Song, Yaoli Liu et al.",Ziheng Ouyang; Yiren Song; Yaoli Liu; Shihao Zhu; Qibin Hou; Ming-Ming Cheng; Mike Zheng Shou,中相关,include,局部控制与条件引导,Title-level unknown / Other,图像,Skim -> Deep,作为区域编辑/提示控制模块阅读，重点看控制粒度与跨对象干扰。,提供区域、token、prompt、adapter 或参考图约束，减少编辑串扰。,CVF metadata title-level triage; cached abstract available for audit,reference-guided; alignment,,https://openaccess.thecvf.com/content/CVPR2026/html/Ouyang_The_Consistency_Critic_Correcting_Inconsistencies_in_Generated_Images_via_Reference-Guided_CVPR_2026_paper.html,https://openaccess.thecvf.com/content/CVPR2026/papers/Ouyang_The_Consistency_Critic_Correcting_Inconsistencies_in_Generated_Images_via_Reference-Guided_CVPR_2026_paper.pdf,https://arxiv.org/abs/2511.20614,"Previous works have explored various customized generation tasks given a reference image, but they still face limitations in generating consistent fine-grained details. In this paper, our aim is to solve the inconsistency problem of generated images by applying a reference-guided post-editing approach and present our ImageCritic. We first construct a dataset of reference-degraded-target triplets obtained via VLM-based selection and explicit degradation, which effectively simulates the common inaccuracies or inconsistencies observed in existing generation models. Furthermore, building on a thorough examination of the model's attention mechanisms and intrinsic representations, we accordingly devise an attention alignment loss and a detail encoder to precisely rectify inconsistencies. ImageCritic can be integrated into an agent framework to automatically detect inconsistencies and correct them with multi-round and local editing in complex scenarios. Extensive experiments demonstrate that ImageCritic can effectively resolve detail-related issues in various customized generation scenarios, providing significant improvements over existing methods."
205,2026-06-05,MotionEdit: Benchmarking and Learning Motion-Centric Image Editing,"Yixin Wan, Lei Ke, Wenhao Yu et al.",Yixin Wan; Lei Ke; Wenhao Yu; Kai-Wei Chang; Dong Yu,强相关,include,评测、数据与可信编辑,Benchmark / Evaluation,图像,Deep Read,作为评测、授权、可信编辑和产品化约束阅读，适合指导后续benchmark设计。,评估、授权或约束编辑系统，使复杂指令和可信使用可被度量。,CVF metadata title-level triage; cached abstract available for audit,image editing,,https://openaccess.thecvf.com/content/CVPR2026/html/Wan_MotionEdit_Benchmarking_and_Learning_Motion-Centric_Image_Editing_CVPR_2026_paper.html,https://openaccess.thecvf.com/content/CVPR2026/papers/Wan_MotionEdit_Benchmarking_and_Learning_Motion-Centric_Image_Editing_CVPR_2026_paper.pdf,https://arxiv.org/abs/2512.10284,"We introduce **MotionEdit**, a novel dataset for motion-centric image editing--the task of modifying subject actions and interactions while preserving identity, structure, and physical plausibility.Unlike existing image editing datasets that focus on static appearance changes or contain only sparse, low-quality motion edits, MotionEdit provides high-fidelity image pairs depicting realistic motion transformations extracted and verified from continuous videos. This new task is not only scientifically challenging but also practically significant, powering downstream applications such as frame-controlled video synthesis and animation.To evaluate model performance on the novel task, we introduce **MotionEdit-Bench**, a benchmark that challenges models on motion-centric edits and measures model performance with generative, discriminative, and preference-based metrics.Benchmark results reveal that motion editing remains highly challenging for existing state-of-the-art diffusion-based editing models.To address this gap, we propose **MotionNFT** (Motion-guided Negative-aware FineTuning), a post-training framework that computes motion alignment rewards based on how well the motion flow between input and model-edited images matches the ground-truth motion, guiding models toward accurate motion transformations.Extensive experiments on FLUX.1 Kontext and Qwen-Image-Edit show that MotionNFT consistently improves editing quality and motion fidelity of both base models on the motion editing task without sacrificing general editing ability, demonstrating its effectiveness."
258,2026-06-05,Omni IIE Bench: Benchmarking the Practical Capabilities of Image Editing Models,"Yujia Yang, Yuanxiang Wang, Zhenyu Guan et al.",Yujia Yang; Yuanxiang Wang; Zhenyu Guan; Tiankun Yang; Chenxi Bao; Haopeng Jin; Jinwen Luo; Xinyu Zuo; Lisheng Duan; Haijin Liang; Jin Ma; Xinming Wang; Ruiwen Tao; Hongzhu Yi,强相关,include,评测、数据与可信编辑,Benchmark / Evaluation,图像,Deep Read,作为评测、授权、可信编辑和产品化约束阅读，适合指导后续benchmark设计。,评估、授权或约束编辑系统，使复杂指令和可信使用可被度量。,CVF metadata title-level triage; cached abstract available for audit,image editing,,https://openaccess.thecvf.com/content/CVPR2026/html/Yang_Omni_IIE_Bench_Benchmarking_the_Practical_Capabilities_of_Image_Editing_CVPR_2026_paper.html,https://openaccess.thecvf.com/content/CVPR2026/papers/Yang_Omni_IIE_Bench_Benchmarking_the_Practical_Capabilities_of_Image_Editing_CVPR_2026_paper.pdf,https://arxiv.org/abs/2603.16944,"While Instruction-based Image Editing (IIE) has achieved significant progress, existing benchmarks pursue task breadth via mixed evaluations. This paradigm obscures a critical failure mode crucial in professional applications: the inconsistent performance of models across tasks of varying semantic scales. To address this gap, we introduce Omni IIE Bench, a high-quality, human-annotated benchmark specifically designed to diagnose the editing consistency of IIE models in practical application scenarios. Omni IIE Bench features an innovative dual-track diagnostic design: (1) Single-turn Consistency, comprising shared-context task pairs of attribute modification and entity replacement; and (2) Multi-turn Coordination, involving continuous dialogue tasks that traverse semantic scales. The benchmark is constructed via an exceptionally rigorous multi-stage human filtering process, incorporating a quality standard enforced by computer vision graduate students and an industry relevance review conducted by professional designers. We perform a comprehensive evaluation of 8 mainstream IIE models using Omni IIE Bench. Our analysis quantifies, for the first time, a prevalent performance gap: nearly all models exhibit a significant performance degradation when transitioning from low-semantic-scale to high-semantic-scale tasks. Omni IIE Bench provides critical diagnostic tools and insights for the development of next-generation, more reliable, and stable IIE models."
290,2026-06-05,OrionEdit: Bridging Reference and Source Images for Generalized Cross-Image Editing,"Zeyu Jiang, Lai Man Po, Xuyuan Xu et al.",Zeyu Jiang; Lai Man Po; Xuyuan Xu; Yexin Wang; Guoping Gong; Haoxuan Wu; Chenbo Yan; Kun Li; Yuyang Liu,强相关,include,直接编辑、修补与合成,Title-level unknown / Other,图像,Deep Read,作为图像编辑主线方法精读，重点看编辑保真度、局部不串扰和推理步数。,直接改变图像局部或整体内容，包括指令编辑、修补、合成、属性操控。,CVF metadata title-level triage; cached abstract available for audit,image editing,,https://openaccess.thecvf.com/content/CVPR2026/html/Jiang_OrionEdit_Bridging_Reference_and_Source_Images_for_Generalized_Cross-Image_Editing_CVPR_2026_paper.html,https://openaccess.thecvf.com/content/CVPR2026/papers/Jiang_OrionEdit_Bridging_Reference_and_Source_Images_for_Generalized_Cross-Image_Editing_CVPR_2026_paper.pdf,,"Multimodal image synthesis has made significant progress, yet most editing methods still rely on textual instructions, which are less direct than visual guidance. Recently, a new paradigm edits one image using another as reference, enabling more intuitive manipulation through visual exemplars. We formalize this setting as cross-image editing, where a source image is modified under one or more visual references. We propose OrionEdit, a unified framework that regulates editing via symmetric orthogonal subspace disentanglement and reverse-causal attention with information-flow masks enforcing unidirectional latent dependencies. Built on standard diffusion backbones, OrionEdit enables zero-shot multi-reference editing and outperforms open-source baselines, approaching proprietary models in fidelity and disentanglement. The model is available at https://github.com/cityuhkai/OrionEdit."
302,2026-06-05,Layer-wise Instance Binding for Regional and Occlusion Control in Text-to-Image Diffusion Transformers,"Ruidong Chen, Yancheng Bai, Xuanpu Zhang et al.",Ruidong Chen; Yancheng Bai; Xuanpu Zhang; Jianhao Zeng; Lanjun Wang; Dan Song; Lei Sun; Xiangxiang Chu; Anan Liu,中相关,include,局部控制与条件引导,Diffusion Transformer,图像,Skim -> Deep,作为区域编辑/提示控制模块阅读，重点看控制粒度与跨对象干扰。,提供区域、token、prompt、adapter 或参考图约束，减少编辑串扰。,CVF metadata title-level triage; cached abstract available for audit,regional; layer; layer-wise; control,,https://openaccess.thecvf.com/content/CVPR2026/html/Chen_Layer-wise_Instance_Binding_for_Regional_and_Occlusion_Control_in_Text-to-Image_CVPR_2026_paper.html,https://openaccess.thecvf.com/content/CVPR2026/papers/Chen_Layer-wise_Instance_Binding_for_Regional_and_Occlusion_Control_in_Text-to-Image_CVPR_2026_paper.pdf,https://arxiv.org/abs/2603.05769,"Region-instructed layout control in text-to-image generation is highly practical, yet existing methods suffer from limitations: (i) training-based approaches inherit data bias and often degrade image quality, and (ii) current techniques struggle with occlusion order, limiting real-world usability. To address these issues, we propose LayerBind. By modeling regional generation as distinct layers and binding them during the generation, our method enables precise regional and occlusion controllability. Our motivation stems from the observation that spatial layout and occlusion are established at a very early denoising stage, suggesting that rearranging the early latent structure is sufficient to modify the final output. Building on this, we structure the scheme into two phases: instance initialization and subsequent semantic nursing. (1) First, leveraging the contextual sharing mechanism in multimodal joint attention, Layer-wise Instance Initialization creates per-instance branches that attend to their own regions while anchoring to the shared background. At a designated early step, these branches are fused according to the layer order to form a unified latent with a pre-established layout. (2) Then, Layer-wise Semantic Nursing reinforces regional details and maintains the occlusion order via a layer-wise attention enhancement. Specifically, a sequential layered attention path operates alongside the standard global path, with updates composited under a layer-transparency scheduler. LayerBind is training-free and plug-and-play, serving as a regional and occlusion controller across Diffusion Transformers. It also supports editable workflows, allowing for flexible modifications like changing instances or rearranging visible orders. Experimental results demonstrate LayerBind's effectiveness, highlighting its potential for creative applications. Project page: https://littlefatshiba.github.io/layerbind-page"
319,2026-06-05,CogniEdit: Dense Gradient Flow Optimization for Fine-Grained Image Editing,"Yan Li, Lin Liu, Xiaopeng Zhang et al.",Yan Li; Lin Liu; Xiaopeng Zhang; Wei Xue; Wenhan Luo; Yike Guo; Qi Tian,强相关,include,直接编辑、修补与合成,Title-level unknown / Other,图像,Deep Read,作为图像编辑主线方法精读，重点看编辑保真度、局部不串扰和推理步数。,直接改变图像局部或整体内容，包括指令编辑、修补、合成、属性操控。,CVF metadata title-level triage; cached abstract available for audit,image editing,,https://openaccess.thecvf.com/content/CVPR2026/html/Li_CogniEdit_Dense_Gradient_Flow_Optimization_for_Fine-Grained_Image_Editing_CVPR_2026_paper.html,https://openaccess.thecvf.com/content/CVPR2026/papers/Li_CogniEdit_Dense_Gradient_Flow_Optimization_for_Fine-Grained_Image_Editing_CVPR_2026_paper.pdf,https://arxiv.org/abs/2512.13276,"Instruction-based image editing with diffusion models has achieved impressive results, yet existing methods struggle with fine-grained instructions specifying precise attributes such as colors, positions, and quantities. While recent approaches employ Group Relative Policy Optimization (GRPO) for alignment, they optimize only at individual sampling steps, providing sparse feedback that limits trajectory-level control. We propose a unified framework **CogniEdit**, combining multi-modal reasoning with dense reward optimization that propagates gradients across consecutive denoising steps, enabling trajectory-level gradient flow through the sampling process. Our method comprises three components: (1) Multi-modal Large Language Models for decomposing complex instructions into actionable directives, (2) Dynamic Token Focus Relocation that adaptively emphasizes fine-grained attributes, and (3) Dense GRPO-based Optimization that propagates gradients across consecutive steps for trajectory-level supervision. Extensive experiments on benchmark datasets demonstrate that our CogniEdit achieves state-of-the-art performance in balancing fine-grained instruction following with visual quality and editability preservation. Our code is available at https://github.com/yl4467/CogniEdit."
460,2026-06-05,Unsafe2Safe: Controllable Image Anonymization for Downstream Utility,"Minh Dinh, SouYoung Jin",Minh Dinh; SouYoung Jin,强相关,include,评测、数据与可信编辑,Title-level unknown / Other,图像,Deep Read,作为评测、授权、可信编辑和产品化约束阅读，适合指导后续benchmark设计。,评估、授权或约束编辑系统，使复杂指令和可信使用可被度量。,CVF metadata title-level triage; cached abstract available for audit,image anonymization; anonymization; controllable,,https://openaccess.thecvf.com/content/CVPR2026/html/Dinh_Unsafe2Safe_Controllable_Image_Anonymization_for_Downstream_Utility_CVPR_2026_paper.html,https://openaccess.thecvf.com/content/CVPR2026/papers/Dinh_Unsafe2Safe_Controllable_Image_Anonymization_for_Downstream_Utility_CVPR_2026_paper.pdf,https://arxiv.org/abs/2603.28605,"Large-scale image datasets frequently contain identifiable or sensitive content, raising privacy risks when training models that may memorize and leak such information. We present Unsafe2Safe, a fully automated pipeline that detects privacy-prone images and rewrites only their sensitive regions using multimodally guided diffusion editing. Unsafe2Safe operates in two stages. Stage 1 uses a vision-language model to (i) inspect images for privacy risks, (ii) generate paired private and public captions that respectively include and omit sensitive attributes, and (iii) prompt a large language model to produce structured, identity-neutral edit instructions conditioned on the public caption. Stage 2 employs instruction-driven diffusion editors to apply these dual textual prompts, producing privacy-safe images that preserve global structure and task-relevant semantics while neutralizing private content. To measure anonymization quality, we introduce a unified evaluation suite covering Quality, Cheating, Privacy, and Utility dimensions. Across MS-COCO, Caltech101 and MIT Indoor67, Unsafe2Safe reduces face similarity, text similarity, and demographic predictability by large margins, while maintaining downstream model accuracy comparable to training on raw data. Fine-tuning diffusion editors on our automatically generated triplets (private caption, public caption, edit instruction) further improves both privacy protection and semantic fidelity. Unsafe2Safe provides a scalable, principled solution for constructing large, privacy-safe datasets without sacrificing visual consistency or downstream utility."
464,2026-06-05,One-to-All Animation: Alignment-Free Character Animation and Image Pose Transfer,"Shijun Shi, Jing Xu, Zhihang Li et al.",Shijun Shi; Jing Xu; Zhihang Li; Chunli Peng; Xiaoda Yang; Lijing Lu; Kai Hu; Jiangning Zhang,强相关,include,身份、人像与虚拟试穿,Title-level unknown / Other,图像,Deep Read,作为人像、身份保持、虚拟试穿方向阅读，重点看身份/属性解耦和数据协议。,保持人物身份、服饰或面部属性，同时改变外观、姿态或穿搭。,CVF metadata title-level triage; cached abstract available for audit,image pose transfer; pose transfer; alignment,,https://openaccess.thecvf.com/content/CVPR2026/html/Shi_One-to-All_Animation_Alignment-Free_Character_Animation_and_Image_Pose_Transfer_CVPR_2026_paper.html,https://openaccess.thecvf.com/content/CVPR2026/papers/Shi_One-to-All_Animation_Alignment-Free_Character_Animation_and_Image_Pose_Transfer_CVPR_2026_paper.pdf,https://arxiv.org/abs/2511.22940,"Recent advances in diffusion models have greatly improved pose-driven character animation. However, existing methods are limited to spatially aligned reference-pose pairs with matched skeletal structures. Handling reference-pose misalignment remains unsolved. To address this, we present One-to-All Animation, a unified framework for high-fidelity character animation and image pose transfer for references with arbitrary layouts. First, to handle spatially misaligned reference, we reformulate training as a self-supervised outpainting task that transforms diverse-layout reference into a unified occluded-input format. Second, to process partially visible reference, we design a reference extractor for comprehensive identity feature extraction. Further, we integrate hybrid reference fusion attention to handle varying resolutions and dynamic sequence lengths. Finally, from the perspective of generation quality, we introduce identity-robust pose control that decouples appearance from skeletal structure to mitigate pose overfitting, and a token replace strategy for coherent long-video generation. Extensive experiments show that our method outperforms existing approaches. The code and model are available at https://github.com/ssj9596/One-to-All-Animation."
524,2026-06-05,Re-Align: Structured Reasoning-guided Alignment for In-Context Image Generation and Editing,"Runze He, Yiji Cheng, Tiankai Hang et al.",Runze He; Yiji Cheng; Tiankai Hang; Zhimin Li; Yu Xu; Zijin Yin; Shiyi Zhang; Wenxun Dai; Penghui Du; Ao Ma; Chunyu Wang; Qinglin Lu; Jizhong Han; Jiao Dai,中相关,include,直接编辑、修补与合成,Title-level unknown / Other,图像,Skim -> Deep,作为图像编辑主线方法精读，重点看编辑保真度、局部不串扰和推理步数。,直接改变图像局部或整体内容，包括指令编辑、修补、合成、属性操控。,CVF metadata title-level triage; cached abstract available for audit,alignment,,https://openaccess.thecvf.com/content/CVPR2026/html/He_Re-Align_Structured_Reasoning-guided_Alignment_for_In-Context_Image_Generation_and_Editing_CVPR_2026_paper.html,https://openaccess.thecvf.com/content/CVPR2026/papers/He_Re-Align_Structured_Reasoning-guided_Alignment_for_In-Context_Image_Generation_and_Editing_CVPR_2026_paper.pdf,https://arxiv.org/abs/2601.05124,"In-context image generation and editing (ICGE) enables users to specify visual concepts through interleaved image-text prompts, demanding precise understanding and faithful execution of user intent. Although recent unified multimodal models exhibit promising understanding capabilities, these strengths often fail to transfer effectively to image generation. We introduce Re-Align, a unified framework that bridges the gap between understanding and generation through structured reasoning-guided alignment. At its core lies the In-Context Chain-of-Thought (IC-CoT), a structured reasoning paradigm that decouples semantic guidance and reference association, providing clear textual target and mitigating confusion among reference images. Furthermore, Re-Align introduces an effective RL training scheme that leverages a surrogate reward to measure the alignment between structured reasoning text and the generated image, thereby improving the model's overall performance on ICGE tasks. Extensive experiments verify that Re-Align outperforms competitive methods of comparable model scale and resources on both in-context image generation and editing tasks."
532,2026-06-05,ObjectMorpher: 3D-Aware Image Editing via Deformable 3DGS,"Yuhuan Xie, Aoxuan Pan, Yi-Hua Huang et al.",Yuhuan Xie; Aoxuan Pan; Yi-Hua Huang; Chirui Chang; Peng Dai; Xin Yu; Xiaojuan Qi,强相关,include,直接编辑、修补与合成,Title-level unknown / Other,图像,Deep Read,作为图像编辑主线方法精读，重点看编辑保真度、局部不串扰和推理步数。,直接改变图像局部或整体内容，包括指令编辑、修补、合成、属性操控。,CVF metadata title-level triage; cached abstract available for audit,image editing,,https://openaccess.thecvf.com/content/CVPR2026/html/Xie_ObjectMorpher_3D-Aware_Image_Editing_via_Deformable_3DGS_CVPR_2026_paper.html,https://openaccess.thecvf.com/content/CVPR2026/papers/Xie_ObjectMorpher_3D-Aware_Image_Editing_via_Deformable_3DGS_CVPR_2026_paper.pdf,https://arxiv.org/abs/2603.28152,"Achieving precise, object-level control in image editing remains challenging: 2D methods lack 3D awareness and often yield ambiguous or implausible results, while existing 3D-aware approaches rely on heavy optimization or incomplete monocular reconstructions. We present ObjectMorpher, a unified, interactive framework that converts ambiguous 2D edits into geometry-grounded operations. ObjectMorpher lifts target instances with an image-to-3D generator into editable 3D Gaussian Splatting (3DGS), enabling fast, identity-preserving manipulation. Users drag control points; a graph-based non-rigid deformation with as-rigid-as-possible (ARAP) constraints ensures physically sensible shape and pose changes. A composite diffusion module harmonizes lighting, color, and boundaries for seamless reintegration. Across diverse categories, ObjectMorpher delivers fine-grained, photorealistic edits with superior controllability and efficiency, outperforming 2D drag and 3D-aware baselines on KID, LPIPS, SIFID, and user preference."
535,2026-06-05,GenErase: Generalizable and Semantically-Aware Concept Erasure in Diffusion Models,"Korada Sri Vardhana, Soma Biswas",Korada Sri Vardhana; Soma Biswas,强相关,include,概念擦除与模型治理,Diffusion Model,图像,Deep Read,作为安全编辑、模型治理与概念删除基线，重点看泛化、绕过与遗忘副作用。,从生成模型或输出行为中删除特定概念，兼顾安全和可控性。,CVF metadata title-level triage; cached abstract available for audit,concept erasure,,https://openaccess.thecvf.com/content/CVPR2026/html/Vardhana_GenErase_Generalizable_and_Semantically-Aware_Concept_Erasure_in_Diffusion_Models_CVPR_2026_paper.html,https://openaccess.thecvf.com/content/CVPR2026/papers/Vardhana_GenErase_Generalizable_and_Semantically-Aware_Concept_Erasure_in_Diffusion_Models_CVPR_2026_paper.pdf,,"Text-to-Image (T2I) diffusion models power modern creative tools, but their open-ended generative nature raises safety, ethical, and copyright concerns. Retraining or fine-tuning to remove every unsafe or copyrighted concept is impractical, motivating training-free interventions that suppress specific semantics while preserving general visual quality. Existing guard-railing methods face a core trade-off: they are either rigid, failing to generalize to paraphrased or context-shifted prompts, or coarse, distorting unrelated content and fidelity. We present GenErase (GENeralizable ERAsure with SEmantic Awareness), a training-free, geometry-grounded framework for robust concept removal in diffusion models. GenErase enforces semantic orthogonality in the cross-attention value space via an explicit erase-and-replace operation, guided by a per-token preserve projector and a hard geometric gate. This design enables precise erasure, explicit protection of critical semantics, and stability across layers, paraphrases, and multi-concept cases. Extensive experiments on identity, object, and style erasure, together with a new GenBench-40 benchmark, show that GenErase achieves state-of-the-art erasure fidelity and superior paraphrase-level generalization, establishing it as a practical and principled guard-rail for safe, real-time diffusion deployment."
575,2026-06-05,CARE-Edit: Condition-Aware Routing of Experts for Contextual Image Editing,"Yucheng Wang, Zedong Wang, Yuetong Wu et al.",Yucheng Wang; Zedong Wang; Yuetong Wu; Yue Ma; Dan Xu,强相关,include,直接编辑、修补与合成,Title-level unknown / Other,图像,Deep Read,作为图像编辑主线方法精读，重点看编辑保真度、局部不串扰和推理步数。,直接改变图像局部或整体内容，包括指令编辑、修补、合成、属性操控。,CVF metadata title-level triage; cached abstract available for audit,image editing,,https://openaccess.thecvf.com/content/CVPR2026/html/Wang_CARE-Edit_Condition-Aware_Routing_of_Experts_for_Contextual_Image_Editing_CVPR_2026_paper.html,https://openaccess.thecvf.com/content/CVPR2026/papers/Wang_CARE-Edit_Condition-Aware_Routing_of_Experts_for_Contextual_Image_Editing_CVPR_2026_paper.pdf,https://arxiv.org/abs/2603.08589,"Unified diffusion editors often rely on a fixed, shared backbone for diverse tasks, suffering from task interference and poor adaptation to heterogeneous demands (e.g., local vs global, semantic vs photometric). In particular, prevalent ControlNet and OmniControl variants combine multiple conditioning signals (e.g., text, mask, reference) via static concatenation or additive adapters which cannot dynamically prioritize or suppress conflicting modalities, thus resulting in artifacts like color bleeding across mask boundaries, identity or style drift, and unpredictable behavior under multi-condition inputs. To address this, we propose Condition-Aware Routing of Experts (CARE-Edit) that aligns model computation with specific editing competencies. At its core, a lightweight latent-attention router assigns encoded diffusion tokens to four specialized experts--Text, Mask, Reference, and Base--based on multi-modal conditions and diffusion timesteps: (i) a Mask Repaint module first refines coarse user-defined masks for precise spatial guidance; (ii) the router applies sparse top-K selection to dynamically allocate computation to the most relevant experts; (iii) a Latent Mixture module subsequently fuses expert outputs, coherently integrating semantic, spatial, and stylistic information to the base images. Experiments validate CARE-Edit's strong performance on contextual editing tasks, including erasure, replacement, text-driven edits, and style transfer. Empirical analysis further reveals task-specific behavior of specialized experts, showcasing the importance of dynamic, condition-aware processing to mitigate multi-condition conflicts. The source code, models, and dataset will be publicly available."
640,2026-06-05,Dynamic-eDiTor: Training-Free Text-Driven 4D Scene Editing with Multimodal Diffusion Transformer,"Dong In Lee, Hyungjun Doh, Seunggeun Chi et al.",Dong In Lee; Hyungjun Doh; Seunggeun Chi; Runlin Duan; Sangpil Kim; Karthik Ramani,强相关,include,视频、多视图与3D编辑,Diffusion Transformer,3D / 多视图,Deep Read,作为从单图编辑扩展到视频、多视图和3D场景的一致性方向阅读。,把编辑扩展到跨帧、跨视角或三维场景，关键是时空一致性。,CVF metadata title-level triage; cached abstract available for audit,scene editing; 4d scene editing,,https://openaccess.thecvf.com/content/CVPR2026/html/Lee_Dynamic-eDiTor_Training-Free_Text-Driven_4D_Scene_Editing_with_Multimodal_Diffusion_Transformer_CVPR_2026_paper.html,https://openaccess.thecvf.com/content/CVPR2026/papers/Lee_Dynamic-eDiTor_Training-Free_Text-Driven_4D_Scene_Editing_with_Multimodal_Diffusion_Transformer_CVPR_2026_paper.pdf,https://arxiv.org/abs/2512.00677,"Recent progress in 4D representations, such as Dynamic NeRF and 4D Gaussian Splatting (4DGS), has enabled dynamic 4D scene reconstruction. However, text-driven 4D scene editing remains under-explored due to the challenge of ensuring both multi-view and temporal consistency across space and time during editing.Existing studies rely on 2D diffusion models that edit frames independently, often causing motion distortion, geometric drift, and incomplete editing. We introduce Dynamic-eDiTor, a training-free text-driven 4D editing framework leveraging Multimodal Diffusion Transformer (MM-DiT) and 4DGS. This mechanism consists of Spatio-Temporal Sub-Grid Attention (STGA) for locally consistent cross-view and temporal fusion, and Context Token Propagation (CTP) for global propagation via token inheritance and optical-flow-guided token replacement. Together, these components allow Dynamic-eDiTor to perform seamless, globally consistent multi-view video without additional training and directly optimize pre-trained source 4DGS.Extensive experiments on multi-view video dataset DyNeRF demonstrate that our method achieves superior editing fidelity and both multi-view and temporal consistency prior approaches. Project page for results and code: https://di-lee.github.io/dynamic-eDiTor"
676,2026-06-05,The Devil is in Attention Sharing: Improving Complex Non-rigid Image Editing Faithfulness via Attention Synergy,"Zhuo Chen, Fanyue Wei, Runze Xu et al.",Zhuo Chen; Fanyue Wei; Runze Xu; Jingjing Li; Lixin Duan; Angela Yao; Wen Li,强相关,include,直接编辑、修补与合成,Title-level unknown / Other,图像,Deep Read,作为图像编辑主线方法精读，重点看编辑保真度、局部不串扰和推理步数。,直接改变图像局部或整体内容，包括指令编辑、修补、合成、属性操控。,CVF metadata title-level triage; cached abstract available for audit,image editing,,https://openaccess.thecvf.com/content/CVPR2026/html/Chen_The_Devil_is_in_Attention_Sharing_Improving_Complex_Non-rigid_Image_CVPR_2026_paper.html,https://openaccess.thecvf.com/content/CVPR2026/papers/Chen_The_Devil_is_in_Attention_Sharing_Improving_Complex_Non-rigid_Image_CVPR_2026_paper.pdf,https://arxiv.org/abs/2512.14423,"Training-free image editing with large diffusion models has become practical, yet faithfully performing complex non-rigid edits (e.g., pose or shape changes) remains highly challenging. We identify a key underlying cause: attention collapse in existing attention sharing mechanisms, where either positional embeddings or semantic features dominate visual content retrieval, leading to over-editing or under-editing.To address this issue, we introduce SynPS, a method that Synergistically leveragesPositional embeddings and Semantic information for faithful non-rigid image editing. We first propose an editing measurement that quantifies the required editing magnitude at each denoising step. Based on this measurement, we design an attention synergy pipeline that dynamically modulates the influence of positional embeddings, enabling SynPS to balance semantic modifications and fidelity preservation.By adaptively integrating positional and semantic cues, SynPS effectively avoids both over- and under-editing. Extensive experiments on public and newly curated benchmarks demonstrate the superior performance and faithfulness of our approach. Our code will be publicly released."
754,2026-06-05,"NOVA: Sparse Control, Dense Synthesis for Pair-Free Video Editing","Tianlin Pan, Jiayi Dai, Chenpu Yuan et al.",Tianlin Pan; Jiayi Dai; Chenpu Yuan; Zhengyao Lv; Binxin Yang; Hubery Yin; Chen Li; Jing Lyu; Caifeng Shan; Chenyang Si,强相关,include,视频、多视图与3D编辑,Title-level unknown / Other,视频,Deep Read,作为从单图编辑扩展到视频、多视图和3D场景的一致性方向阅读。,把编辑扩展到跨帧、跨视角或三维场景，关键是时空一致性。,CVF metadata title-level triage,video editing; control,,https://openaccess.thecvf.com/content/CVPR2026/html/Pan_NOVA_Sparse_Control_Dense_Synthesis_for_Pair-Free_Video_Editing_CVPR_2026_paper.html,https://openaccess.thecvf.com/content/CVPR2026/papers/Pan_NOVA_Sparse_Control_Dense_Synthesis_for_Pair-Free_Video_Editing_CVPR_2026_paper.pdf,https://arxiv.org/abs/2603.02802,
756,2026-06-05,CREval: An Automated Interpretable Evaluation for Creative Image Manipulation under Complex Instructions,"Chonghuinan Wang, Zihan Chen, Yuxiang Wei et al.",Chonghuinan Wang; Zihan Chen; Yuxiang Wei; Tianyi Jiang; Xiaohe Wu; Fan Li; Wangmeng Zuo; Hongxun Yao,中相关,include,直接编辑、修补与合成,Title-level unknown / Other,多模态指令,Skim -> Deep,作为图像编辑主线方法精读，重点看编辑保真度、局部不串扰和推理步数。,直接改变图像局部或整体内容，包括指令编辑、修补、合成、属性操控。,CVF metadata title-level triage,image manipulation,,https://openaccess.thecvf.com/content/CVPR2026/html/Wang_CREval_An_Automated_Interpretable_Evaluation_for_Creative_Image_Manipulation_under_CVPR_2026_paper.html,https://openaccess.thecvf.com/content/CVPR2026/papers/Wang_CREval_An_Automated_Interpretable_Evaluation_for_Creative_Image_Manipulation_under_CVPR_2026_paper.pdf,https://arxiv.org/abs/2603.26174,
781,2026-06-05,Style-GRPO: Semantic-Aware Preference Optimization for Image Style Transfer Guided by Reward Modeling,"Jianbin Zhao, Chaoran Feng, Miao Yu et al.",Jianbin Zhao; Chaoran Feng; Miao Yu; Yingtao Li; Zhenyu Tang; Wangbo Yu; Yian Zhao; Xiaomin Li; Li Yuan; Yonghong Tian,中相关,include,风格、纹理与外观编辑,Title-level unknown / Other,图像,Skim -> Deep,作为外观迁移、风格/纹理素材生成模块阅读，重点看语义与纹理一致性。,改变纹理、风格、颜色或外观层，常作为图像编辑工作流的素材/外观模块。,CVF metadata title-level triage,style transfer,,https://openaccess.thecvf.com/content/CVPR2026/html/Zhao_Style-GRPO_Semantic-Aware_Preference_Optimization_for_Image_Style_Transfer_Guided_by_CVPR_2026_paper.html,https://openaccess.thecvf.com/content/CVPR2026/papers/Zhao_Style-GRPO_Semantic-Aware_Preference_Optimization_for_Image_Style_Transfer_Guided_by_CVPR_2026_paper.pdf,,
897,2026-06-05,HiFi-Inpaint: Towards High-Fidelity Reference-Based Inpainting for Generating Detail-Preserving Human-Product Images,"Yichen Liu, Donghao Zhou, Jie Wang et al.",Yichen Liu; Donghao Zhou; Jie Wang; Xin Gao; Guisheng Liu; Jiatong Li; Quanwei Zhang; Qiang Lyu; Lanqing Guo; Shilei Wen; Weiqiang Wang; Pheng-Ann Heng,强相关,include,直接编辑、修补与合成,Title-level unknown / Other,图像,Deep Read,作为图像编辑主线方法精读，重点看编辑保真度、局部不串扰和推理步数。,直接改变图像局部或整体内容，包括指令编辑、修补、合成、属性操控。,CVF metadata title-level triage,inpainting,,https://openaccess.thecvf.com/content/CVPR2026/html/Liu_HiFi-Inpaint_Towards_High-Fidelity_Reference-Based_Inpainting_for_Generating_Detail-Preserving_Human-Product_Images_CVPR_2026_paper.html,https://openaccess.thecvf.com/content/CVPR2026/papers/Liu_HiFi-Inpaint_Towards_High-Fidelity_Reference-Based_Inpainting_for_Generating_Detail-Preserving_Human-Product_Images_CVPR_2026_paper.pdf,https://arxiv.org/abs/2603.02210,
948,2026-06-05,Vanast: Virtual Try-On with Human Image Animation via Synthetic Triplet Supervision,"Hyunsoo Cha, Wonjung Woo, Byungjun Kim et al.",Hyunsoo Cha; Wonjung Woo; Byungjun Kim; Hanbyul Joo,强相关,include,身份、人像与虚拟试穿,Title-level unknown / Other,人像 / 人体,Deep Read,作为人像、身份保持、虚拟试穿方向阅读，重点看身份/属性解耦和数据协议。,保持人物身份、服饰或面部属性，同时改变外观、姿态或穿搭。,CVF metadata title-level triage,virtual try-on; try-on,,https://openaccess.thecvf.com/content/CVPR2026/html/Cha_Vanast_Virtual_Try-On_with_Human_Image_Animation_via_Synthetic_Triplet_CVPR_2026_paper.html,https://openaccess.thecvf.com/content/CVPR2026/papers/Cha_Vanast_Virtual_Try-On_with_Human_Image_Animation_via_Synthetic_Triplet_CVPR_2026_paper.pdf,https://arxiv.org/abs/2604.04934,
1011,2026-06-05,EditCtrl: Disentangled Local and Global Control for Real-Time Generative Video Editing,"Yehonathan Litman, Shikun Liu, Dario Seyb et al.",Yehonathan Litman; Shikun Liu; Dario Seyb; Nicholas Milef; Yang Zhou; Carl Marshall; Shubham Tulsiani; Caleb Leak,强相关,include,视频、多视图与3D编辑,Title-level unknown / Other,视频,Deep Read,作为从单图编辑扩展到视频、多视图和3D场景的一致性方向阅读。,把编辑扩展到跨帧、跨视角或三维场景，关键是时空一致性。,CVF metadata title-level triage,video editing; control,,https://openaccess.thecvf.com/content/CVPR2026/html/Litman_EditCtrl_Disentangled_Local_and_Global_Control_for_Real-Time_Generative_Video_CVPR_2026_paper.html,https://openaccess.thecvf.com/content/CVPR2026/papers/Litman_EditCtrl_Disentangled_Local_and_Global_Control_for_Real-Time_Generative_Video_CVPR_2026_paper.pdf,https://arxiv.org/abs/2602.15031,
1044,2026-06-05,PG-VTON: Single-Pass Training-Free Virtual Try-On via Patch-Guided Reference Alignment,"Guohao Zhao, Yuxin Peng",Guohao Zhao; Yuxin Peng,强相关,include,身份、人像与虚拟试穿,Title-level unknown / Other,人像 / 人体,Deep Read,作为人像、身份保持、虚拟试穿方向阅读，重点看身份/属性解耦和数据协议。,保持人物身份、服饰或面部属性，同时改变外观、姿态或穿搭。,CVF metadata title-level triage,virtual try-on; try-on; alignment,,https://openaccess.thecvf.com/content/CVPR2026/html/Zhao_PG-VTON_Single-Pass_Training-Free_Virtual_Try-On_via_Patch-Guided_Reference_Alignment_CVPR_2026_paper.html,https://openaccess.thecvf.com/content/CVPR2026/papers/Zhao_PG-VTON_Single-Pass_Training-Free_Virtual_Try-On_via_Patch-Guided_Reference_Alignment_CVPR_2026_paper.pdf,,
1103,2026-06-05,InstantRetouch: Efficient and High-Fidelity Instruction-Guided Image Retouching with Bilateral Space,"Jiarui Wu, Yujin Wang, Ruikang Li et al.",Jiarui Wu; Yujin Wang; Ruikang Li; Fan Zhang; Mingde Yao; Tianfan Xue,强相关,include,直接编辑、修补与合成,Title-level unknown / Other,多模态指令,Deep Read,作为图像编辑主线方法精读，重点看编辑保真度、局部不串扰和推理步数。,直接改变图像局部或整体内容，包括指令编辑、修补、合成、属性操控。,CVF metadata title-level triage,image retouching,,https://openaccess.thecvf.com/content/CVPR2026/html/Wu_InstantRetouch_Efficient_and_High-Fidelity_Instruction-Guided_Image_Retouching_with_Bilateral_Space_CVPR_2026_paper.html,https://openaccess.thecvf.com/content/CVPR2026/papers/Wu_InstantRetouch_Efficient_and_High-Fidelity_Instruction-Guided_Image_Retouching_with_Bilateral_Space_CVPR_2026_paper.pdf,,
1165,2026-06-05,UniDef: Universal Defense Against Unauthorized Image Manipulation,"Mingwen Shao, Lingzhuang Meng, Xiang Lv et al.",Mingwen Shao; Lingzhuang Meng; Xiang Lv; Mengyao Wu; Xinyuan Chen; Qiao Zhang; Chang Liu; Yuanjian Qiao; Chao Dong,中相关,include,直接编辑、修补与合成,Title-level unknown / Other,图像,Skim -> Deep,作为图像编辑主线方法精读，重点看编辑保真度、局部不串扰和推理步数。,直接改变图像局部或整体内容，包括指令编辑、修补、合成、属性操控。,CVF metadata title-level triage,image manipulation,,https://openaccess.thecvf.com/content/CVPR2026/html/Shao_UniDef_Universal_Defense_Against_Unauthorized_Image_Manipulation_CVPR_2026_paper.html,https://openaccess.thecvf.com/content/CVPR2026/papers/Shao_UniDef_Universal_Defense_Against_Unauthorized_Image_Manipulation_CVPR_2026_paper.pdf,,
1205,2026-06-05,DiffDecompose: Layer-Wise Decomposition of Alpha-Composited Images via Diffusion Transformers,"Zitong Wang, Hang Zhao, Qianyu Zhou et al.",Zitong Wang; Hang Zhao; Qianyu Zhou; Xuequan Lu; Xiangtai Li; Hao Yang; Bo Yang; Yiren Song,中相关,include,局部控制与条件引导,Diffusion Transformer,图像,Skim -> Deep,作为区域编辑/提示控制模块阅读，重点看控制粒度与跨对象干扰。,提供区域、token、prompt、adapter 或参考图约束，减少编辑串扰。,CVF metadata title-level triage,composited; layer; layer-wise,,https://openaccess.thecvf.com/content/CVPR2026/html/Wang_DiffDecompose_Layer-Wise_Decomposition_of_Alpha-Composited_Images_via_Diffusion_Transformers_CVPR_2026_paper.html,https://openaccess.thecvf.com/content/CVPR2026/papers/Wang_DiffDecompose_Layer-Wise_Decomposition_of_Alpha-Composited_Images_via_Diffusion_Transformers_CVPR_2026_paper.pdf,https://arxiv.org/abs/2505.21541,
1230,2026-06-05,Diffusion-Based Makeup Transfer with Facial Region-Aware Makeup Features,"Zheng Gao, Debin Meng, Yunqi Miao et al.",Zheng Gao; Debin Meng; Yunqi Miao; Zhensong Zhang; Songcen Xu; Ioannis Patras; Jifei Song,强相关,include,身份、人像与虚拟试穿,Diffusion Model,人像 / 人体,Deep Read,作为人像、身份保持、虚拟试穿方向阅读，重点看身份/属性解耦和数据协议。,保持人物身份、服饰或面部属性，同时改变外观、姿态或穿搭。,CVF metadata title-level triage,makeup transfer; region,,https://openaccess.thecvf.com/content/CVPR2026/html/Gao_Diffusion-Based_Makeup_Transfer_with_Facial_Region-Aware_Makeup_Features_CVPR_2026_paper.html,https://openaccess.thecvf.com/content/CVPR2026/papers/Gao_Diffusion-Based_Makeup_Transfer_with_Facial_Region-Aware_Makeup_Features_CVPR_2026_paper.pdf,https://arxiv.org/abs/2603.20012,
1315,2026-06-05,FlowDirector: Training-Free Flow Steering for Precise Text-to-Video Editing,"Guangzhao Li, Yanming Yang, Chenxi Song et al.",Guangzhao Li; Yanming Yang; Chenxi Song; Xiaohong Liu; Chi Zhang,强相关,include,视频、多视图与3D编辑,Title-level unknown / Other,视频,Deep Read,作为从单图编辑扩展到视频、多视图和3D场景的一致性方向阅读。,把编辑扩展到跨帧、跨视角或三维场景，关键是时空一致性。,CVF metadata title-level triage,video editing,,https://openaccess.thecvf.com/content/CVPR2026/html/Li_FlowDirector_Training-Free_Flow_Steering_for_Precise_Text-to-Video_Editing_CVPR_2026_paper.html,https://openaccess.thecvf.com/content/CVPR2026/papers/Li_FlowDirector_Training-Free_Flow_Steering_for_Precise_Text-to-Video_Editing_CVPR_2026_paper.pdf,https://arxiv.org/abs/2506.05046,
1371,2026-06-06,FlowDC: Flow-Based Decoupling-Decay for Complex Image Editing,"Yilei Jiang, Zhen Wang, Yanghao Wang et al.",Yilei Jiang; Zhen Wang; Yanghao Wang; Jun Yu; Yueting Zhuang; Jun Xiao; Long Chen,强相关,include,直接编辑、修补与合成,Flow / Rectified Flow,图像,Deep Read,作为图像编辑主线方法精读，重点看编辑保真度、局部不串扰和推理步数。,直接改变图像局部或整体内容，包括指令编辑、修补、合成、属性操控。,CVF metadata title-level triage,image editing,,https://openaccess.thecvf.com/content/CVPR2026/html/Jiang_FlowDC_Flow-Based_Decoupling-Decay_for_Complex_Image_Editing_CVPR_2026_paper.html,https://openaccess.thecvf.com/content/CVPR2026/papers/Jiang_FlowDC_Flow-Based_Decoupling-Decay_for_Complex_Image_Editing_CVPR_2026_paper.pdf,https://arxiv.org/abs/2512.11395,
1379,2026-06-06,NaTex: Seamless Texture Generation as Latent Color Diffusion,"Zeqiang Lai, Yunfei Zhao, Zibo Zhao et al.",Zeqiang Lai; Yunfei Zhao; Zibo Zhao; Xin Yang; Xin Huang; Jingwei Huang; Xiangyu Yue; Chunchao Guo,中相关,include,风格、纹理与外观编辑,Diffusion Model,图像,Skim -> Deep,作为外观迁移、风格/纹理素材生成模块阅读，重点看语义与纹理一致性。,改变纹理、风格、颜色或外观层，常作为图像编辑工作流的素材/外观模块。,CVF metadata title-level triage,texture generation,,https://openaccess.thecvf.com/content/CVPR2026/html/Lai_NaTex_Seamless_Texture_Generation_as_Latent_Color_Diffusion_CVPR_2026_paper.html,https://openaccess.thecvf.com/content/CVPR2026/papers/Lai_NaTex_Seamless_Texture_Generation_as_Latent_Color_Diffusion_CVPR_2026_paper.pdf,https://arxiv.org/abs/2511.16317,
1409,2026-06-06,Delta Rectified Flow Sampling for Text-to-Image Editing,"Gaspard Beaudouin, Minghan Li, Jaeyeon Kim et al.",Gaspard Beaudouin; Minghan Li; Jaeyeon Kim; Sung-Hoon Yoon; Mengyu Wang,强相关,include,直接编辑、修补与合成,Flow / Rectified Flow,图像,Deep Read,作为图像编辑主线方法精读，重点看编辑保真度、局部不串扰和推理步数。,直接改变图像局部或整体内容，包括指令编辑、修补、合成、属性操控。,CVF metadata title-level triage,image editing; text-to-image editing,,https://openaccess.thecvf.com/content/CVPR2026/html/Beaudouin_Delta_Rectified_Flow_Sampling_for_Text-to-Image_Editing_CVPR_2026_paper.html,https://openaccess.thecvf.com/content/CVPR2026/papers/Beaudouin_Delta_Rectified_Flow_Sampling_for_Text-to-Image_Editing_CVPR_2026_paper.pdf,https://arxiv.org/abs/2509.05342,
1449,2026-06-06,Attribute-Preserving Pseudo-Labeling for Diffusion-Based Face Swapping,"Jiwon Kang, Yeji Choi, JoungBin Lee et al.",Jiwon Kang; Yeji Choi; JoungBin Lee; Wooseok Jang; Jinhyeok Choi; Taekeun Kang; Yongjae Park; Myungin Kim; Seungryong Kim,强相关,include,身份、人像与虚拟试穿,Diffusion Model,人像 / 人体,Deep Read,作为人像、身份保持、虚拟试穿方向阅读，重点看身份/属性解耦和数据协议。,保持人物身份、服饰或面部属性，同时改变外观、姿态或穿搭。,CVF metadata title-level triage,face swapping,,https://openaccess.thecvf.com/content/CVPR2026/html/Kang_Attribute-Preserving_Pseudo-Labeling_for_Diffusion-Based_Face_Swapping_CVPR_2026_paper.html,https://openaccess.thecvf.com/content/CVPR2026/papers/Kang_Attribute-Preserving_Pseudo-Labeling_for_Diffusion-Based_Face_Swapping_CVPR_2026_paper.pdf,https://arxiv.org/abs/2601.15288,
1466,2026-06-06,HorizonForge: Driving Scene Editing with Any Trajectories and Any Vehicles,"Yifan Wang, Francesco Pittaluga, Zaid Tasneem et al.",Yifan Wang; Francesco Pittaluga; Zaid Tasneem; Chenyu You; Manmohan Chandraker; Ziyu Jiang,强相关,include,视频、多视图与3D编辑,Title-level unknown / Other,图像,Deep Read,作为从单图编辑扩展到视频、多视图和3D场景的一致性方向阅读。,把编辑扩展到跨帧、跨视角或三维场景，关键是时空一致性。,CVF metadata title-level triage,scene editing,,https://openaccess.thecvf.com/content/CVPR2026/html/Wang_HorizonForge_Driving_Scene_Editing_with_Any_Trajectories_and_Any_Vehicles_CVPR_2026_paper.html,https://openaccess.thecvf.com/content/CVPR2026/papers/Wang_HorizonForge_Driving_Scene_Editing_with_Any_Trajectories_and_Any_Vehicles_CVPR_2026_paper.pdf,https://arxiv.org/abs/2602.21333,
1529,2026-06-06,From Inpainting to Layer Decomposition: Repurposing Generative Inpainting Models for Image Layer Decomposition,"Jingxi Chen, Yixiao Zhang, Xiaoye Qian et al.",Jingxi Chen; Yixiao Zhang; Xiaoye Qian; Zongxia Li; Cornelia Fermuller; Caren Chen; Yiannis Aloimonos,强相关,include,直接编辑、修补与合成,Title-level unknown / Other,图像,Deep Read,作为图像编辑主线方法精读，重点看编辑保真度、局部不串扰和推理步数。,直接改变图像局部或整体内容，包括指令编辑、修补、合成、属性操控。,CVF metadata title-level triage,inpainting; layer,,https://openaccess.thecvf.com/content/CVPR2026/html/Chen_From_Inpainting_to_Layer_Decomposition_Repurposing_Generative_Inpainting_Models_for_CVPR_2026_paper.html,https://openaccess.thecvf.com/content/CVPR2026/papers/Chen_From_Inpainting_to_Layer_Decomposition_Repurposing_Generative_Inpainting_Models_for_CVPR_2026_paper.pdf,https://arxiv.org/abs/2511.20996,
1612,2026-06-06,SliderEdit: Continuous Image Editing with Fine-Grained Instruction Control,"Arman Zarei, Samyadeep Basu, Mobina Pournemat et al.",Arman Zarei; Samyadeep Basu; Mobina Pournemat; Sayan Nag; Ryan A. Rossi; Soheil Feizi,强相关,include,直接编辑、修补与合成,Title-level unknown / Other,多模态指令,Deep Read,作为图像编辑主线方法精读，重点看编辑保真度、局部不串扰和推理步数。,直接改变图像局部或整体内容，包括指令编辑、修补、合成、属性操控。,CVF metadata title-level triage,image editing; control,,https://openaccess.thecvf.com/content/CVPR2026/html/Zarei_SliderEdit_Continuous_Image_Editing_with_Fine-Grained_Instruction_Control_CVPR_2026_paper.html,https://openaccess.thecvf.com/content/CVPR2026/papers/Zarei_SliderEdit_Continuous_Image_Editing_with_Fine-Grained_Instruction_Control_CVPR_2026_paper.pdf,https://arxiv.org/abs/2511.09715,
1647,2026-06-06,Edit-As-Act: Goal-Regressive Planning for Open-Vocabulary 3D Indoor Scene Editing,"Seongrae Noh, SeungWon Seo, Gyeong-Moon Park et al.",Seongrae Noh; SeungWon Seo; Gyeong-Moon Park; HyeongYeop Kang,强相关,include,视频、多视图与3D编辑,Title-level unknown / Other,图像,Deep Read,作为从单图编辑扩展到视频、多视图和3D场景的一致性方向阅读。,把编辑扩展到跨帧、跨视角或三维场景，关键是时空一致性。,CVF metadata title-level triage,scene editing,,https://openaccess.thecvf.com/content/CVPR2026/html/Noh_Edit-As-Act_Goal-Regressive_Planning_for_Open-Vocabulary_3D_Indoor_Scene_Editing_CVPR_2026_paper.html,https://openaccess.thecvf.com/content/CVPR2026/papers/Noh_Edit-As-Act_Goal-Regressive_Planning_for_Open-Vocabulary_3D_Indoor_Scene_Editing_CVPR_2026_paper.pdf,https://arxiv.org/abs/2603.17583,
1684,2026-06-06,RecEdit-Drive: 3D Reconstruction-Guided Spatiotemporal Video Editing for Autonomous Driving Scenes,"Yipeng Wu, Xin Wang, Chenghan Yang et al.",Yipeng Wu; Xin Wang; Chenghan Yang; Chong Wang; Dongdong Wu; Wanchao Su; Hengshuang Zhao; Wei Feng; Kairui Yang; Di Lin,强相关,include,视频、多视图与3D编辑,Title-level unknown / Other,视频,Deep Read,作为从单图编辑扩展到视频、多视图和3D场景的一致性方向阅读。,把编辑扩展到跨帧、跨视角或三维场景，关键是时空一致性。,CVF metadata title-level triage,video editing; autonomous,,https://openaccess.thecvf.com/content/CVPR2026/html/Wu_RecEdit-Drive_3D_Reconstruction-Guided_Spatiotemporal_Video_Editing_for_Autonomous_Driving_Scenes_CVPR_2026_paper.html,https://openaccess.thecvf.com/content/CVPR2026/papers/Wu_RecEdit-Drive_3D_Reconstruction-Guided_Spatiotemporal_Video_Editing_for_Autonomous_Driving_Scenes_CVPR_2026_paper.pdf,,
1767,2026-06-06,FFP-300K: Scaling First-Frame Propagation for Generalizable Video Editing,"Xijie Huang, Chengming Xu, Donghao Luo et al.",Xijie Huang; Chengming Xu; Donghao Luo; Xiaobin Hu; Peng Tang; Xu Peng; Jiangning Zhang; Chengjie Wang; Yanwei Fu,强相关,include,视频、多视图与3D编辑,Title-level unknown / Other,视频,Deep Read,作为从单图编辑扩展到视频、多视图和3D场景的一致性方向阅读。,把编辑扩展到跨帧、跨视角或三维场景，关键是时空一致性。,CVF metadata title-level triage,video editing,,https://openaccess.thecvf.com/content/CVPR2026/html/Huang_FFP-300K_Scaling_First-Frame_Propagation_for_Generalizable_Video_Editing_CVPR_2026_paper.html,https://openaccess.thecvf.com/content/CVPR2026/papers/Huang_FFP-300K_Scaling_First-Frame_Propagation_for_Generalizable_Video_Editing_CVPR_2026_paper.pdf,https://arxiv.org/abs/2601.01720,
1873,2026-06-06,Prototype-Guided Concept Erasure in Diffusion Models,"Yuze Cai, Jiahao Lu, Hongxiang Shi et al.",Yuze Cai; Jiahao Lu; Hongxiang Shi; Yichao Zhou; Hong Lu,强相关,include,概念擦除与模型治理,Diffusion Model,图像,Deep Read,作为安全编辑、模型治理与概念删除基线，重点看泛化、绕过与遗忘副作用。,从生成模型或输出行为中删除特定概念，兼顾安全和可控性。,CVF metadata title-level triage,concept erasure,,https://openaccess.thecvf.com/content/CVPR2026/html/Cai_Prototype-Guided_Concept_Erasure_in_Diffusion_Models_CVPR_2026_paper.html,https://openaccess.thecvf.com/content/CVPR2026/papers/Cai_Prototype-Guided_Concept_Erasure_in_Diffusion_Models_CVPR_2026_paper.pdf,https://arxiv.org/abs/2603.08271,
1903,2026-06-06,All-in-One Slider for Attribute Manipulation in Diffusion Models,"Weixin Ye, Hongguang Zhu, Wei Wang et al.",Weixin Ye; Hongguang Zhu; Wei Wang; Yahui Liu; Mengyu Wang; Xuecheng Nie,中相关,include,直接编辑、修补与合成,Diffusion Model,图像,Skim -> Deep,作为图像编辑主线方法精读，重点看编辑保真度、局部不串扰和推理步数。,直接改变图像局部或整体内容，包括指令编辑、修补、合成、属性操控。,CVF metadata title-level triage,attribute manipulation; slider,,https://openaccess.thecvf.com/content/CVPR2026/html/Ye_All-in-One_Slider_for_Attribute_Manipulation_in_Diffusion_Models_CVPR_2026_paper.html,https://openaccess.thecvf.com/content/CVPR2026/papers/Ye_All-in-One_Slider_for_Attribute_Manipulation_in_Diffusion_Models_CVPR_2026_paper.pdf,https://arxiv.org/abs/2508.19195,
1929,2026-06-06,MagicQuill V2: Precise and Interactive Image Editing with Layered Visual Cues,"Zichen Liu, Yue Yu, Hao Ouyang et al.",Zichen Liu; Yue Yu; Hao Ouyang; Qiuyu Wang; Shuailei Ma; Ka Leong Cheng; Wen Wang; Qingyan Bai; Yuxuan Zhang; Yanhong Zeng; Yixuan Li; Xing Zhu; Yujun Shen; Qifeng Chen,强相关,include,直接编辑、修补与合成,Title-level unknown / Other,图像,Deep Read,作为图像编辑主线方法精读，重点看编辑保真度、局部不串扰和推理步数。,直接改变图像局部或整体内容，包括指令编辑、修补、合成、属性操控。,CVF metadata title-level triage,image editing,,https://openaccess.thecvf.com/content/CVPR2026/html/Liu_MagicQuill_V2_Precise_and_Interactive_Image_Editing_with_Layered_Visual_CVPR_2026_paper.html,https://openaccess.thecvf.com/content/CVPR2026/papers/Liu_MagicQuill_V2_Precise_and_Interactive_Image_Editing_with_Layered_Visual_CVPR_2026_paper.pdf,,
1950,2026-06-06,"EgoEdit: Dataset, Real-Time Streaming Model, and Benchmark for Egocentric Video Editing","Runjia Li, Moayed Haji-Ali, Ashkan Mirzaei et al.",Runjia Li; Moayed Haji-Ali; Ashkan Mirzaei; Chaoyang Wang; Arpit Sahni; Ivan Skorokhodov; Aliaksandr Siarohin; Tomas Jakab; Junlin Han; Sergey Tulyakov; Philip Torr; Willi Menapace,强相关,include,视频、多视图与3D编辑,Benchmark / Evaluation,视频,Deep Read,作为从单图编辑扩展到视频、多视图和3D场景的一致性方向阅读。,把编辑扩展到跨帧、跨视角或三维场景，关键是时空一致性。,CVF metadata title-level triage,video editing,,https://openaccess.thecvf.com/content/CVPR2026/html/Li_EgoEdit_Dataset_Real-Time_Streaming_Model_and_Benchmark_for_Egocentric_Video_CVPR_2026_paper.html,https://openaccess.thecvf.com/content/CVPR2026/papers/Li_EgoEdit_Dataset_Real-Time_Streaming_Model_and_Benchmark_for_Egocentric_Video_CVPR_2026_paper.pdf,,
2072,2026-06-06,VINS-120K: Ultra High-Resolution Image Editing with A Large-Scale Dataset,"Zhizhou Chen, Shanyan Guan, Zhanxin Gao et al.",Zhizhou Chen; Shanyan Guan; Zhanxin Gao; En Ci; Yanhao Ge; Wei Li; Zhenyu Zhang; Jian Yang; Ying Tai,强相关,include,直接编辑、修补与合成,Title-level unknown / Other,图像,Deep Read,作为图像编辑主线方法精读，重点看编辑保真度、局部不串扰和推理步数。,直接改变图像局部或整体内容，包括指令编辑、修补、合成、属性操控。,CVF metadata title-level triage,image editing,,https://openaccess.thecvf.com/content/CVPR2026/html/Chen_VINS-120K_Ultra_High-Resolution_Image_Editing_with_A_Large-Scale_Dataset_CVPR_2026_paper.html,https://openaccess.thecvf.com/content/CVPR2026/papers/Chen_VINS-120K_Ultra_High-Resolution_Image_Editing_with_A_Large-Scale_Dataset_CVPR_2026_paper.pdf,,
2111,2026-06-06,Audio-sync Video Instance Editing with Granularity-Aware Mask Refiner,"Haojie Zheng, Shuchen Weng, Jingqi Liu et al.",Haojie Zheng; Shuchen Weng; Jingqi Liu; Siqi Yang; Boxin Shi; Xinlong Wang,中相关,include,直接编辑、修补与合成,Title-level unknown / Other,视频,Skim -> Deep,作为图像编辑主线方法精读，重点看编辑保真度、局部不串扰和推理步数。,直接改变图像局部或整体内容，包括指令编辑、修补、合成、属性操控。,CVF metadata title-level triage,mask,,https://openaccess.thecvf.com/content/CVPR2026/html/Zheng_Audio-sync_Video_Instance_Editing_with_Granularity-Aware_Mask_Refiner_CVPR_2026_paper.html,https://openaccess.thecvf.com/content/CVPR2026/papers/Zheng_Audio-sync_Video_Instance_Editing_with_Granularity-Aware_Mask_Refiner_CVPR_2026_paper.pdf,https://arxiv.org/abs/2512.10571,
2203,2026-06-06,ChordEdit: One-Step Low-Energy Transport for Image Editing,"Liangsi Lu, Xuhang Chen, Minzhe Guo et al.",Liangsi Lu; Xuhang Chen; Minzhe Guo; Shichu Li; Jingchao Wang; Yang Shi,强相关,include,直接编辑、修补与合成,Title-level unknown / Other,图像,Deep Read,作为图像编辑主线方法精读，重点看编辑保真度、局部不串扰和推理步数。,直接改变图像局部或整体内容，包括指令编辑、修补、合成、属性操控。,CVF metadata title-level triage,image editing,,https://openaccess.thecvf.com/content/CVPR2026/html/Lu_ChordEdit_One-Step_Low-Energy_Transport_for_Image_Editing_CVPR_2026_paper.html,https://openaccess.thecvf.com/content/CVPR2026/papers/Lu_ChordEdit_One-Step_Low-Energy_Transport_for_Image_Editing_CVPR_2026_paper.pdf,https://arxiv.org/abs/2602.19083,
2209,2026-06-06,NI-Tex: Non-isometric Image-based Garment Texture Generation,"Hui Shan, Ming Li, Haitao Yang et al.",Hui Shan; Ming Li; Haitao Yang; Kai Zheng; Sizhe Zheng; Yanwei Fu; Xiangru Huang,中相关,include,风格、纹理与外观编辑,Title-level unknown / Other,图像,Skim -> Deep,作为外观迁移、风格/纹理素材生成模块阅读，重点看语义与纹理一致性。,改变纹理、风格、颜色或外观层，常作为图像编辑工作流的素材/外观模块。,CVF metadata title-level triage,texture generation,,https://openaccess.thecvf.com/content/CVPR2026/html/Shan_NI-Tex_Non-isometric_Image-based_Garment_Texture_Generation_CVPR_2026_paper.html,https://openaccess.thecvf.com/content/CVPR2026/papers/Shan_NI-Tex_Non-isometric_Image-based_Garment_Texture_Generation_CVPR_2026_paper.pdf,https://arxiv.org/abs/2511.18765,
2223,2026-06-06,High-Fidelity Diffusion Face Swapping with ID-Constrained Facial Conditioning,"Dailan He, Xiahong Wang, Shulun Wang et al.",Dailan He; Xiahong Wang; Shulun Wang; Hao Shao; Bingqi Ma; Guanglu Song; Yu Liu; Hongsheng Li,强相关,include,身份、人像与虚拟试穿,Diffusion Model,人像 / 人体,Deep Read,作为人像、身份保持、虚拟试穿方向阅读，重点看身份/属性解耦和数据协议。,保持人物身份、服饰或面部属性，同时改变外观、姿态或穿搭。,CVF metadata title-level triage,face swapping,,https://openaccess.thecvf.com/content/CVPR2026/html/He_High-Fidelity_Diffusion_Face_Swapping_with_ID-Constrained_Facial_Conditioning_CVPR_2026_paper.html,https://openaccess.thecvf.com/content/CVPR2026/papers/He_High-Fidelity_Diffusion_Face_Swapping_with_ID-Constrained_Facial_Conditioning_CVPR_2026_paper.pdf,https://arxiv.org/abs/2503.22179,
2309,2026-06-06,BiFM: Bidirectional Flow Matching for Few-Step Image Editing and Generation,"Yasong Dai, Zeeshan Hayder, David Ahmedt-Aristizabal et al.",Yasong Dai; Zeeshan Hayder; David Ahmedt-Aristizabal; Hongdong Li,强相关,include,直接编辑、修补与合成,Flow / Rectified Flow,图像,Deep Read,作为图像编辑主线方法精读，重点看编辑保真度、局部不串扰和推理步数。,直接改变图像局部或整体内容，包括指令编辑、修补、合成、属性操控。,CVF metadata title-level triage,image editing,,https://openaccess.thecvf.com/content/CVPR2026/html/Dai_BiFM_Bidirectional_Flow_Matching_for_Few-Step_Image_Editing_and_Generation_CVPR_2026_paper.html,https://openaccess.thecvf.com/content/CVPR2026/papers/Dai_BiFM_Bidirectional_Flow_Matching_for_Few-Step_Image_Editing_and_Generation_CVPR_2026_paper.pdf,,
2365,2026-06-06,EmoDiffTalk: Emotion-aware Diffusion for Editable 3D Gaussian Talking Head,"Chang Liu, Tianjiao Jing, Chengcheng Ma et al.",Chang Liu; Tianjiao Jing; Chengcheng Ma; Xuanqi Zhou; Zhengxuan Lian; Qin Jin; Hongliang Yuan; Shi-Sheng Huang,强相关,include,身份、人像与虚拟试穿,Diffusion Model,3D / 多视图,Deep Read,作为人像、身份保持、虚拟试穿方向阅读，重点看身份/属性解耦和数据协议。,保持人物身份、服饰或面部属性，同时改变外观、姿态或穿搭。,CVF metadata title-level triage,editable,,https://openaccess.thecvf.com/content/CVPR2026/html/Liu_EmoDiffTalk_Emotion-aware_Diffusion_for_Editable_3D_Gaussian_Talking_Head_CVPR_2026_paper.html,https://openaccess.thecvf.com/content/CVPR2026/papers/Liu_EmoDiffTalk_Emotion-aware_Diffusion_for_Editable_3D_Gaussian_Talking_Head_CVPR_2026_paper.pdf,,
2403,2026-06-06,FEAT: Fashion Editing and Try-On from Any Design,"Soye Kwon, Keonyoung Lee, Dahuin Jung et al.",Soye Kwon; Keonyoung Lee; Dahuin Jung; Jaekoo Lee,强相关,include,身份、人像与虚拟试穿,Title-level unknown / Other,人像 / 人体,Deep Read,作为人像、身份保持、虚拟试穿方向阅读，重点看身份/属性解耦和数据协议。,保持人物身份、服饰或面部属性，同时改变外观、姿态或穿搭。,CVF metadata title-level triage,try-on,,https://openaccess.thecvf.com/content/CVPR2026/html/Kwon_FEAT_Fashion_Editing_and_Try-On_from_Any_Design_CVPR_2026_paper.html,https://openaccess.thecvf.com/content/CVPR2026/papers/Kwon_FEAT_Fashion_Editing_and_Try-On_from_Any_Design_CVPR_2026_paper.pdf,https://arxiv.org/abs/2605.02393,
2412,2026-06-06,Your Latent Mask is Wrong: Pixel-Equivalent Latent Compositing for Diffusion Models,"Rowan Bradbury, Dazhi Zhong",Rowan Bradbury; Dazhi Zhong,中相关,include,局部控制与条件引导,Diffusion Model,图像,Skim -> Deep,作为区域编辑/提示控制模块阅读，重点看控制粒度与跨对象干扰。,提供区域、token、prompt、adapter 或参考图约束，减少编辑串扰。,CVF metadata title-level triage,compositing; mask,,https://openaccess.thecvf.com/content/CVPR2026/html/Bradbury_Your_Latent_Mask_is_Wrong_Pixel-Equivalent_Latent_Compositing_for_Diffusion_CVPR_2026_paper.html,https://openaccess.thecvf.com/content/CVPR2026/papers/Bradbury_Your_Latent_Mask_is_Wrong_Pixel-Equivalent_Latent_Compositing_for_Diffusion_CVPR_2026_paper.pdf,https://arxiv.org/abs/2512.05198,
2470,2026-06-06,SpotEdit: Selective Region Editing in Diffusion Transformers,"Zhibin Qin, Zhenxiong Tan, Zeqing Wang et al.",Zhibin Qin; Zhenxiong Tan; Zeqing Wang; Songhua Liu; Xinchao Wang,中相关,include,直接编辑、修补与合成,Diffusion Transformer,图像,Skim -> Deep,作为图像编辑主线方法精读，重点看编辑保真度、局部不串扰和推理步数。,直接改变图像局部或整体内容，包括指令编辑、修补、合成、属性操控。,CVF metadata title-level triage,region; selective,,https://openaccess.thecvf.com/content/CVPR2026/html/Qin_SpotEdit_Selective_Region_Editing_in_Diffusion_Transformers_CVPR_2026_paper.html,https://openaccess.thecvf.com/content/CVPR2026/papers/Qin_SpotEdit_Selective_Region_Editing_in_Diffusion_Transformers_CVPR_2026_paper.pdf,https://arxiv.org/abs/2512.22323,
2489,2026-06-06,I2I-Bench: A Comprehensive Benchmark Suite for Image-to-Image Editing Models,"Juntong Wang, Jiarui Wang, Huiyu Duan et al.",Juntong Wang; Jiarui Wang; Huiyu Duan; Jiaxiang Kang; Guangtao Zhai; Xiongkuo Min,强相关,include,评测、数据与可信编辑,Benchmark / Evaluation,图像,Deep Read,作为评测、授权、可信编辑和产品化约束阅读，适合指导后续benchmark设计。,评估、授权或约束编辑系统，使复杂指令和可信使用可被度量。,CVF metadata title-level triage,image editing,,https://openaccess.thecvf.com/content/CVPR2026/html/Wang_I2I-Bench_A_Comprehensive_Benchmark_Suite_for_Image-to-Image_Editing_Models_CVPR_2026_paper.html,https://openaccess.thecvf.com/content/CVPR2026/papers/Wang_I2I-Bench_A_Comprehensive_Benchmark_Suite_for_Image-to-Image_Editing_Models_CVPR_2026_paper.pdf,https://arxiv.org/abs/2512.04660,
2493,2026-06-06,VDFE: Difference-Aware 3D Scene Editing with Non-Intrusive Video Diffusion Priors for Multi-View Consistency and Efficiency,"Chao Zhang, Fang Liu, Shuo Li et al.",Chao Zhang; Fang Liu; Shuo Li; Yang Liu; Jiahao Wang; Xinyan Huang; Lingling Li; Puhua Chen; Xu Liu; Wenping Ma; Siqi Yu,强相关,include,视频、多视图与3D编辑,Diffusion Model,3D / 多视图,Deep Read,作为从单图编辑扩展到视频、多视图和3D场景的一致性方向阅读。,把编辑扩展到跨帧、跨视角或三维场景，关键是时空一致性。,CVF metadata title-level triage,scene editing; 3d scene editing,,https://openaccess.thecvf.com/content/CVPR2026/html/Zhang_VDFE_Difference-Aware_3D_Scene_Editing_with_Non-Intrusive_Video_Diffusion_Priors_CVPR_2026_paper.html,https://openaccess.thecvf.com/content/CVPR2026/papers/Zhang_VDFE_Difference-Aware_3D_Scene_Editing_with_Non-Intrusive_Video_Diffusion_Priors_CVPR_2026_paper.pdf,,
2497,2026-06-06,InverFill: One-Step Inversion for Enhanced Few-Step Diffusion Inpainting,"Duc Vu, Kien Nguyen, Trong-Tung Nguyen et al.",Duc Vu; Kien Nguyen; Trong-Tung Nguyen; Ngan Nguyen; Phong Nguyen; Khoi Nguyen; Cuong Pham; Anh Tran,强相关,include,直接编辑、修补与合成,Diffusion Model,图像,Deep Read,作为图像编辑主线方法精读，重点看编辑保真度、局部不串扰和推理步数。,直接改变图像局部或整体内容，包括指令编辑、修补、合成、属性操控。,CVF metadata title-level triage,inpainting,,https://openaccess.thecvf.com/content/CVPR2026/html/Vu_InverFill_One-Step_Inversion_for_Enhanced_Few-Step_Diffusion_Inpainting_CVPR_2026_paper.html,https://openaccess.thecvf.com/content/CVPR2026/papers/Vu_InverFill_One-Step_Inversion_for_Enhanced_Few-Step_Diffusion_Inpainting_CVPR_2026_paper.pdf,https://arxiv.org/abs/2603.23463,
2512,2026-06-06,Neighbor-Aware Localized Concept Erasure in Text-to-Image Diffusion Models,"Zhuan Shi, Alireza Dehghanpour Farashah, Rik de Vries et al.",Zhuan Shi; Alireza Dehghanpour Farashah; Rik de Vries; Golnoosh Farnadi,强相关,include,概念擦除与模型治理,Diffusion Model,图像,Deep Read,作为安全编辑、模型治理与概念删除基线，重点看泛化、绕过与遗忘副作用。,从生成模型或输出行为中删除特定概念，兼顾安全和可控性。,CVF metadata title-level triage,concept erasure; localized,,https://openaccess.thecvf.com/content/CVPR2026/html/Shi_Neighbor-Aware_Localized_Concept_Erasure_in_Text-to-Image_Diffusion_Models_CVPR_2026_paper.html,https://openaccess.thecvf.com/content/CVPR2026/papers/Shi_Neighbor-Aware_Localized_Concept_Erasure_in_Text-to-Image_Diffusion_Models_CVPR_2026_paper.pdf,https://arxiv.org/abs/2603.25994,
2518,2026-06-06,ReasonEdit: Towards Reasoning-Enhanced Image Editing Models,"Fukun Yin, Shiyu Liu, Yucheng Han et al.",Fukun Yin; Shiyu Liu; Yucheng Han; Zhibo Wang; Peng Xing; Rui Wang; Wei Cheng; Yingming Wang; Aojie Li; Zixin Yin; Pengtao Chen; Xianfang Zeng; Gang Yu; Daxin Jiang,强相关,include,直接编辑、修补与合成,Title-level unknown / Other,图像,Deep Read,作为图像编辑主线方法精读，重点看编辑保真度、局部不串扰和推理步数。,直接改变图像局部或整体内容，包括指令编辑、修补、合成、属性操控。,CVF metadata title-level triage,image editing,,https://openaccess.thecvf.com/content/CVPR2026/html/Yin_ReasonEdit_Towards_Reasoning-Enhanced_Image_Editing_Models_CVPR_2026_paper.html,https://openaccess.thecvf.com/content/CVPR2026/papers/Yin_ReasonEdit_Towards_Reasoning-Enhanced_Image_Editing_Models_CVPR_2026_paper.pdf,https://arxiv.org/abs/2511.22625,
2531,2026-06-06,V-RGBX: Video Editing with Accurate Controls over Intrinsic Properties,"Ye Fang, Tong Wu, Valentin Deschaintre et al.",Ye Fang; Tong Wu; Valentin Deschaintre; Duygu Ceylan; Iliyan Georgiev; Chun-Hao Paul Huang; Yiwei Hu; Xuelin Chen; Tuanfeng Yang Wang,强相关,include,视频、多视图与3D编辑,Title-level unknown / Other,视频,Deep Read,作为从单图编辑扩展到视频、多视图和3D场景的一致性方向阅读。,把编辑扩展到跨帧、跨视角或三维场景，关键是时空一致性。,CVF metadata title-level triage,video editing,,https://openaccess.thecvf.com/content/CVPR2026/html/Fang_V-RGBX_Video_Editing_with_Accurate_Controls_over_Intrinsic_Properties_CVPR_2026_paper.html,https://openaccess.thecvf.com/content/CVPR2026/papers/Fang_V-RGBX_Video_Editing_with_Accurate_Controls_over_Intrinsic_Properties_CVPR_2026_paper.pdf,https://arxiv.org/abs/2512.11799,
2550,2026-06-06,From Scale to Speed: Adaptive Test-Time Scaling for Image Editing,"Xiangyan Qu, Zhenlong Yuan, Jing Tang et al.",Xiangyan Qu; Zhenlong Yuan; Jing Tang; Rui Chen; Datao Tang; Meng Yu; Lei Sun; Yancheng Bai; Xiangxiang Chu; Gaopeng Gou; Gang Xiong; Yujun Cai,强相关,include,直接编辑、修补与合成,Title-level unknown / Other,图像,Deep Read,作为图像编辑主线方法精读，重点看编辑保真度、局部不串扰和推理步数。,直接改变图像局部或整体内容，包括指令编辑、修补、合成、属性操控。,CVF metadata title-level triage,image editing,,https://openaccess.thecvf.com/content/CVPR2026/html/Qu_From_Scale_to_Speed_Adaptive_Test-Time_Scaling_for_Image_Editing_CVPR_2026_paper.html,https://openaccess.thecvf.com/content/CVPR2026/papers/Qu_From_Scale_to_Speed_Adaptive_Test-Time_Scaling_for_Image_Editing_CVPR_2026_paper.pdf,https://arxiv.org/abs/2603.00141,
2560,2026-06-06,NEAF: Natural Image Editing with Attention Fusion for Generalizable Test-time Optimization in Text-Guided Image Editing,"Jisoo Kim, Heeseok Oh",Jisoo Kim; Heeseok Oh,强相关,include,直接编辑、修补与合成,Title-level unknown / Other,图像,Deep Read,作为图像编辑主线方法精读，重点看编辑保真度、局部不串扰和推理步数。,直接改变图像局部或整体内容，包括指令编辑、修补、合成、属性操控。,CVF metadata title-level triage,image editing,,https://openaccess.thecvf.com/content/CVPR2026/html/Kim_NEAF_Natural_Image_Editing_with_Attention_Fusion_for_Generalizable_Test-time_CVPR_2026_paper.html,https://openaccess.thecvf.com/content/CVPR2026/papers/Kim_NEAF_Natural_Image_Editing_with_Attention_Fusion_for_Generalizable_Test-time_CVPR_2026_paper.pdf,,
2561,2026-06-06,VisiLock: Authorizing Instruction-based Image editing with Dual Score Distillation,"Van Thanh Le, Yun Fu",Van Thanh Le; Yun Fu,强相关,include,评测、数据与可信编辑,Score Distillation,多模态指令,Deep Read,作为评测、授权、可信编辑和产品化约束阅读，适合指导后续benchmark设计。,评估、授权或约束编辑系统，使复杂指令和可信使用可被度量。,CVF metadata title-level triage,image editing; instruction[- ]based image (editing|retouching); authorizing,,https://openaccess.thecvf.com/content/CVPR2026/html/Le_VisiLock_Authorizing_Instruction-based_Image_editing_with_Dual_Score_Distillation_CVPR_2026_paper.html,https://openaccess.thecvf.com/content/CVPR2026/papers/Le_VisiLock_Authorizing_Instruction-based_Image_editing_with_Dual_Score_Distillation_CVPR_2026_paper.pdf,,
2636,2026-06-06,PerformRecast: Expression and Head Pose Disentanglement for Portrait Video Editing,"Jiadong Liang, Bojun Xiong, Jie Tian et al.",Jiadong Liang; Bojun Xiong; Jie Tian; Hua Li; Xiao Long; Yong Zheng; Huan Fu,强相关,include,视频、多视图与3D编辑,Title-level unknown / Other,视频,Deep Read,作为从单图编辑扩展到视频、多视图和3D场景的一致性方向阅读。,把编辑扩展到跨帧、跨视角或三维场景，关键是时空一致性。,CVF metadata title-level triage,video editing,,https://openaccess.thecvf.com/content/CVPR2026/html/Liang_PerformRecast_Expression_and_Head_Pose_Disentanglement_for_Portrait_Video_Editing_CVPR_2026_paper.html,https://openaccess.thecvf.com/content/CVPR2026/papers/Liang_PerformRecast_Expression_and_Head_Pose_Disentanglement_for_Portrait_Video_Editing_CVPR_2026_paper.pdf,https://arxiv.org/abs/2603.19731,
2664,2026-06-07,Catalyst4D: High-Fidelity 3D-to-4D Scene Editing via Dynamic Propagation,"Shifeng Chen, Yihui Li, Jun Liao et al.",Shifeng Chen; Yihui Li; Jun Liao; Hongyu Yang; Di Huang,强相关,include,视频、多视图与3D编辑,Title-level unknown / Other,3D / 多视图,Deep Read,作为从单图编辑扩展到视频、多视图和3D场景的一致性方向阅读。,把编辑扩展到跨帧、跨视角或三维场景，关键是时空一致性。,CVF metadata title-level triage,scene editing; 4d scene editing,,https://openaccess.thecvf.com/content/CVPR2026/html/Chen_Catalyst4D_High-Fidelity_3D-to-4D_Scene_Editing_via_Dynamic_Propagation_CVPR_2026_paper.html,https://openaccess.thecvf.com/content/CVPR2026/papers/Chen_Catalyst4D_High-Fidelity_3D-to-4D_Scene_Editing_via_Dynamic_Propagation_CVPR_2026_paper.pdf,https://arxiv.org/abs/2603.12766,
2680,2026-06-07,Masked Region Transformer for Layered Image Generation and Editing at Scale,"Zhicong Tang, Jingye Chen, Zhao Zhang et al.",Zhicong Tang; Jingye Chen; Zhao Zhang; Mohan Zhou; Yuchi Liu; Yifan Pu; Yalong Bai; Ethan Smith; Yuhui Yuan,中相关,include,直接编辑、修补与合成,Title-level unknown / Other,图像,Skim -> Deep,作为图像编辑主线方法精读，重点看编辑保真度、局部不串扰和推理步数。,直接改变图像局部或整体内容，包括指令编辑、修补、合成、属性操控。,CVF metadata title-level triage,region,,https://openaccess.thecvf.com/content/CVPR2026/html/Tang_Masked_Region_Transformer_for_Layered_Image_Generation_and_Editing_at_CVPR_2026_paper.html,https://openaccess.thecvf.com/content/CVPR2026/papers/Tang_Masked_Region_Transformer_for_Layered_Image_Generation_and_Editing_at_CVPR_2026_paper.pdf,,
2683,2026-06-07,Kontinuous Kontext: Continuous Strength Control for Instruction-based Image Editing,"Rishubh Parihar, Or Patashnik, Daniil Ostashev et al.",Rishubh Parihar; Or Patashnik; Daniil Ostashev; Venkatesh Babu Radhakrishnan; Daniel Cohen-Or; Kuan-Chieh Jackson Wang,强相关,include,直接编辑、修补与合成,Title-level unknown / Other,多模态指令,Deep Read,作为图像编辑主线方法精读，重点看编辑保真度、局部不串扰和推理步数。,直接改变图像局部或整体内容，包括指令编辑、修补、合成、属性操控。,CVF metadata title-level triage,image editing; instruction[- ]based image (editing|retouching); control,,https://openaccess.thecvf.com/content/CVPR2026/html/Parihar_Kontinuous_Kontext_Continuous_Strength_Control_for_Instruction-based_Image_Editing_CVPR_2026_paper.html,https://openaccess.thecvf.com/content/CVPR2026/papers/Parihar_Kontinuous_Kontext_Continuous_Strength_Control_for_Instruction-based_Image_Editing_CVPR_2026_paper.pdf,https://arxiv.org/abs/2510.08532,
2687,2026-06-07,Beyond Text Prompts: Precise Concept Erasure through Text-Image Collaboration,"Jun Li, Lizhi Xiong, Ziqiang Li et al.",Jun Li; Lizhi Xiong; Ziqiang Li; Weiwei Jiang; Zhangjie Fu; Yong Li; Guo-Sen Xie,强相关,include,概念擦除与模型治理,Title-level unknown / Other,图像,Deep Read,作为安全编辑、模型治理与概念删除基线，重点看泛化、绕过与遗忘副作用。,从生成模型或输出行为中删除特定概念，兼顾安全和可控性。,CVF metadata title-level triage,concept erasure,,https://openaccess.thecvf.com/content/CVPR2026/html/Li_Beyond_Text_Prompts_Precise_Concept_Erasure_through_Text-Image_Collaboration_CVPR_2026_paper.html,https://openaccess.thecvf.com/content/CVPR2026/papers/Li_Beyond_Text_Prompts_Precise_Concept_Erasure_through_Text-Image_Collaboration_CVPR_2026_paper.pdf,https://arxiv.org/abs/2604.15829,
2795,2026-06-07,PLACID: Identity-Preserving Multi-Object Compositing via Video Diffusion with Synthetic Trajectories,"Gemma Canet Tarrés, Manel Baradad, Francesc Moreno-Noguer et al.",Gemma Canet Tarrés; Manel Baradad; Francesc Moreno-Noguer; Yumeng Li,强相关,include,身份、人像与虚拟试穿,Diffusion Model,视频,Deep Read,作为人像、身份保持、虚拟试穿方向阅读，重点看身份/属性解耦和数据协议。,保持人物身份、服饰或面部属性，同时改变外观、姿态或穿搭。,CVF metadata title-level triage,compositing; identity-preserving,,https://openaccess.thecvf.com/content/CVPR2026/html/Tarres_PLACID_Identity-Preserving_Multi-Object_Compositing_via_Video_Diffusion_with_Synthetic_Trajectories_CVPR_2026_paper.html,https://openaccess.thecvf.com/content/CVPR2026/papers/Tarres_PLACID_Identity-Preserving_Multi-Object_Compositing_via_Video_Diffusion_with_Synthetic_Trajectories_CVPR_2026_paper.pdf,,
2807,2026-06-07,Harmonic Canvas: Inversion-Free Editing for Visually-Guided Music Style Transfer,"Yue Lei, Siqi Yang, Ting Zhong et al.",Yue Lei; Siqi Yang; Ting Zhong; Fan Zhou,中相关,include,风格、纹理与外观编辑,Title-level unknown / Other,图像,Skim -> Deep,作为外观迁移、风格/纹理素材生成模块阅读，重点看语义与纹理一致性。,改变纹理、风格、颜色或外观层，常作为图像编辑工作流的素材/外观模块。,CVF metadata title-level triage,style transfer,,https://openaccess.thecvf.com/content/CVPR2026/html/Lei_Harmonic_Canvas_Inversion-Free_Editing_for_Visually-Guided_Music_Style_Transfer_CVPR_2026_paper.html,https://openaccess.thecvf.com/content/CVPR2026/papers/Lei_Harmonic_Canvas_Inversion-Free_Editing_for_Visually-Guided_Music_Style_Transfer_CVPR_2026_paper.pdf,,
2808,2026-06-07,VideoCoF: Unified Video Editing with Temporal Reasoner,"Xiangpeng Yang, Ji Xie, Yiyuan Yang et al.",Xiangpeng Yang; Ji Xie; Yiyuan Yang; Yue Ma; Yan Huang; Min Xu; Qiang Wu,强相关,include,视频、多视图与3D编辑,Title-level unknown / Other,视频,Deep Read,作为从单图编辑扩展到视频、多视图和3D场景的一致性方向阅读。,把编辑扩展到跨帧、跨视角或三维场景，关键是时空一致性。,CVF metadata title-level triage,video editing,,https://openaccess.thecvf.com/content/CVPR2026/html/Yang_VideoCoF_Unified_Video_Editing_with_Temporal_Reasoner_CVPR_2026_paper.html,https://openaccess.thecvf.com/content/CVPR2026/papers/Yang_VideoCoF_Unified_Video_Editing_with_Temporal_Reasoner_CVPR_2026_paper.pdf,https://arxiv.org/abs/2512.07469,
2820,2026-06-07,HP-Edit: A Human-Preference Post-Training Framework for Image Editing,"Fan Li, Chonghuinan Wang, Lina Lei et al.",Fan Li; Chonghuinan Wang; Lina Lei; Yuping Qiu; Jiaqi Xu; Jiaxiu Jiang; Xinran Qin; Zhikai Chen; Fenglong Song; Zhixin Wang; Renjing Pei; Wangmeng Zuo,强相关,include,直接编辑、修补与合成,Title-level unknown / Other,图像,Deep Read,作为图像编辑主线方法精读，重点看编辑保真度、局部不串扰和推理步数。,直接改变图像局部或整体内容，包括指令编辑、修补、合成、属性操控。,CVF metadata title-level triage,image editing,,https://openaccess.thecvf.com/content/CVPR2026/html/Li_HP-Edit_A_Human-Preference_Post-Training_Framework_for_Image_Editing_CVPR_2026_paper.html,https://openaccess.thecvf.com/content/CVPR2026/papers/Li_HP-Edit_A_Human-Preference_Post-Training_Framework_for_Image_Editing_CVPR_2026_paper.pdf,https://arxiv.org/abs/2604.19406,
2842,2026-06-07,FlashIn: Fast and Accurate Image Inversion for Real-time Image Editing,Guangzhi Wang,Guangzhi Wang,强相关,include,直接编辑、修补与合成,Title-level unknown / Other,图像,Deep Read,作为图像编辑主线方法精读，重点看编辑保真度、局部不串扰和推理步数。,直接改变图像局部或整体内容，包括指令编辑、修补、合成、属性操控。,CVF metadata title-level triage,image editing,,https://openaccess.thecvf.com/content/CVPR2026/html/Wang_FlashIn_Fast_and_Accurate_Image_Inversion_for_Real-time_Image_Editing_CVPR_2026_paper.html,https://openaccess.thecvf.com/content/CVPR2026/papers/Wang_FlashIn_Fast_and_Accurate_Image_Inversion_for_Real-time_Image_Editing_CVPR_2026_paper.pdf,,
2847,2026-06-07,Leveraging Verifier-Based Reinforcement Learning in Image Editing,"Hanzhong Guo, Jie Wu, Jie Liu et al.",Hanzhong Guo; Jie Wu; Jie Liu; Yu Gao; Zilyu Ye; Linxiao Yuan; Xionghui Wang; Yizhou Yu; Weilin Huang,强相关,include,直接编辑、修补与合成,Title-level unknown / Other,图像,Deep Read,作为图像编辑主线方法精读，重点看编辑保真度、局部不串扰和推理步数。,直接改变图像局部或整体内容，包括指令编辑、修补、合成、属性操控。,CVF metadata title-level triage,image editing,,https://openaccess.thecvf.com/content/CVPR2026/html/Guo_Leveraging_Verifier-Based_Reinforcement_Learning_in_Image_Editing_CVPR_2026_paper.html,https://openaccess.thecvf.com/content/CVPR2026/papers/Guo_Leveraging_Verifier-Based_Reinforcement_Learning_in_Image_Editing_CVPR_2026_paper.pdf,https://arxiv.org/abs/2604.27505,
2852,2026-06-07,Semantics Lead the Way: Harmonizing Semantic and Texture Modeling with Asynchronous Latent Diffusion,"Yueming Pan, Ruoyu Feng, Qi Dai et al.",Yueming Pan; Ruoyu Feng; Qi Dai; Yuqi Wang; Wenfeng Lin; Mingyu Guo; Chong Luo; Nanning Zheng,中相关,include,风格、纹理与外观编辑,Latent Diffusion,图像,Skim -> Deep,作为外观迁移、风格/纹理素材生成模块阅读，重点看语义与纹理一致性。,改变纹理、风格、颜色或外观层，常作为图像编辑工作流的素材/外观模块。,CVF metadata title-level triage,texture modeling,,https://openaccess.thecvf.com/content/CVPR2026/html/Pan_Semantics_Lead_the_Way_Harmonizing_Semantic_and_Texture_Modeling_with_CVPR_2026_paper.html,https://openaccess.thecvf.com/content/CVPR2026/papers/Pan_Semantics_Lead_the_Way_Harmonizing_Semantic_and_Texture_Modeling_with_CVPR_2026_paper.pdf,https://arxiv.org/abs/2512.04926,
2897,2026-06-07,"UniEdit-I: Training-free Image Editing for Unified VLM via Iterative Understanding, Editing and Verifying","Chengyu Bai, Jintao Chen, Xiang Bai et al.",Chengyu Bai; Jintao Chen; Xiang Bai; Yilong Chen; Qi She; Ming Lu; Shanghang Zhang,强相关,include,直接编辑、修补与合成,Title-level unknown / Other,多模态指令,Deep Read,作为图像编辑主线方法精读，重点看编辑保真度、局部不串扰和推理步数。,直接改变图像局部或整体内容，包括指令编辑、修补、合成、属性操控。,CVF metadata title-level triage,image editing,,https://openaccess.thecvf.com/content/CVPR2026/html/Bai_UniEdit-I_Training-free_Image_Editing_for_Unified_VLM_via_Iterative_Understanding_CVPR_2026_paper.html,https://openaccess.thecvf.com/content/CVPR2026/papers/Bai_UniEdit-I_Training-free_Image_Editing_for_Unified_VLM_via_Iterative_Understanding_CVPR_2026_paper.pdf,https://arxiv.org/abs/2508.03142,
2944,2026-06-07,ShapeAR: Generating Editable Shape Layers via Autoregressive Diffusion,"Souymodip Chakraborty, Ankur Singh, Amit Vikram Singh et al.",Souymodip Chakraborty; Ankur Singh; Amit Vikram Singh; Vineet Batra; Ankit Phogat,中相关,include,直接编辑、修补与合成,Diffusion Model,图像,Skim -> Deep,作为图像编辑主线方法精读，重点看编辑保真度、局部不串扰和推理步数。,直接改变图像局部或整体内容，包括指令编辑、修补、合成、属性操控。,CVF metadata title-level triage,editable,,https://openaccess.thecvf.com/content/CVPR2026/html/Chakraborty_ShapeAR_Generating_Editable_Shape_Layers_via_Autoregressive_Diffusion_CVPR_2026_paper.html,https://openaccess.thecvf.com/content/CVPR2026/papers/Chakraborty_ShapeAR_Generating_Editable_Shape_Layers_via_Autoregressive_Diffusion_CVPR_2026_paper.pdf,,
3041,2026-06-07,StyleGallery: Training-free and Semantic-aware Personalized Style Transfer from Arbitrary Image References,"Boyu He, Yunfan Ye, Chang Liu et al.",Boyu He; Yunfan Ye; Chang Liu; Weishang Wu; Fang Liu; Zhiping Cai,中相关,include,风格、纹理与外观编辑,Title-level unknown / Other,图像,Skim -> Deep,作为外观迁移、风格/纹理素材生成模块阅读，重点看语义与纹理一致性。,改变纹理、风格、颜色或外观层，常作为图像编辑工作流的素材/外观模块。,CVF metadata title-level triage,style transfer; personalized,,https://openaccess.thecvf.com/content/CVPR2026/html/He_StyleGallery_Training-free_and_Semantic-aware_Personalized_Style_Transfer_from_Arbitrary_Image_CVPR_2026_paper.html,https://openaccess.thecvf.com/content/CVPR2026/papers/He_StyleGallery_Training-free_and_Semantic-aware_Personalized_Style_Transfer_from_Arbitrary_Image_CVPR_2026_paper.pdf,https://arxiv.org/abs/2603.10354,
3116,2026-06-07,3D Space as a Scratchpad for Editable Text-to-Image Generation,"Oindrila Saha, Vojtech Krs, Radomir Mech et al.",Oindrila Saha; Vojtech Krs; Radomir Mech; Subhransu Maji; Matheus Gadelha; Kevin Blackburn-Matzen,中相关,include,直接编辑、修补与合成,Title-level unknown / Other,图像,Skim -> Deep,作为图像编辑主线方法精读，重点看编辑保真度、局部不串扰和推理步数。,直接改变图像局部或整体内容，包括指令编辑、修补、合成、属性操控。,CVF metadata title-level triage,editable,,https://openaccess.thecvf.com/content/CVPR2026/html/Saha_3D_Space_as_a_Scratchpad_for_Editable_Text-to-Image_Generation_CVPR_2026_paper.html,https://openaccess.thecvf.com/content/CVPR2026/papers/Saha_3D_Space_as_a_Scratchpad_for_Editable_Text-to-Image_Generation_CVPR_2026_paper.pdf,https://arxiv.org/abs/2601.14602,
3138,2026-06-07,Forensic-Friendly Image Manipulation via Controllable Latent Diffusion,"Hanyu Chen, Haiwei Wu, Jinyu Tian et al.",Hanyu Chen; Haiwei Wu; Jinyu Tian; Jianqing LI; Jiantao Zhou,强相关,include,评测、数据与可信编辑,Latent Diffusion,图像,Deep Read,作为评测、授权、可信编辑和产品化约束阅读，适合指导后续benchmark设计。,评估、授权或约束编辑系统，使复杂指令和可信使用可被度量。,CVF metadata title-level triage,image manipulation; forensic-friendly image manipulation; controllable,,https://openaccess.thecvf.com/content/CVPR2026/html/Chen_Forensic-Friendly_Image_Manipulation_via_Controllable_Latent_Diffusion_CVPR_2026_paper.html,https://openaccess.thecvf.com/content/CVPR2026/papers/Chen_Forensic-Friendly_Image_Manipulation_via_Controllable_Latent_Diffusion_CVPR_2026_paper.pdf,,
3306,2026-06-07,Pico-Banana-400K: A Large-Scale Dataset for Text-Guided Image Editing,"Yusu Qian, Eli Bocek-Rivele, Liangchen Song et al.",Yusu Qian; Eli Bocek-Rivele; Liangchen Song; Jialing Tong; Yinfei Yang; Jiasen Lu; Wenze Hu; Zhe Gan,强相关,include,直接编辑、修补与合成,Title-level unknown / Other,图像,Deep Read,作为图像编辑主线方法精读，重点看编辑保真度、局部不串扰和推理步数。,直接改变图像局部或整体内容，包括指令编辑、修补、合成、属性操控。,CVF metadata title-level triage,image editing,,https://openaccess.thecvf.com/content/CVPR2026/html/Qian_Pico-Banana-400K_A_Large-Scale_Dataset_for_Text-Guided_Image_Editing_CVPR_2026_paper.html,https://openaccess.thecvf.com/content/CVPR2026/papers/Qian_Pico-Banana-400K_A_Large-Scale_Dataset_for_Text-Guided_Image_Editing_CVPR_2026_paper.pdf,,
3351,2026-06-07,HierEdit: Region-Aware Hierarchical Diffusion for Efficient High-Resolution Editing,"Yuyao Zhang, Alexander Huang-Menders, Yu-Wing Tai",Yuyao Zhang; Alexander Huang-Menders; Yu-Wing Tai,中相关,include,直接编辑、修补与合成,Diffusion Model,图像,Skim -> Deep,作为图像编辑主线方法精读，重点看编辑保真度、局部不串扰和推理步数。,直接改变图像局部或整体内容，包括指令编辑、修补、合成、属性操控。,CVF metadata title-level triage,region,,https://openaccess.thecvf.com/content/CVPR2026/html/Zhang_HierEdit_Region-Aware_Hierarchical_Diffusion_for_Efficient_High-Resolution_Editing_CVPR_2026_paper.html,https://openaccess.thecvf.com/content/CVPR2026/papers/Zhang_HierEdit_Region-Aware_Hierarchical_Diffusion_for_Efficient_High-Resolution_Editing_CVPR_2026_paper.pdf,,
3353,2026-06-07,Scaling Instruction-Based Video Editing with a High-Quality Synthetic Dataset,"Qingyan Bai, Qiuyu Wang, Hao Ouyang et al.",Qingyan Bai; Qiuyu Wang; Hao Ouyang; Yue Yu; Hanlin Wang; Wen Wang; Ka Leong Cheng; Shuailei Ma; Yanhong Zeng; Zichen Liu; Yinghao Xu; Yujun Shen; Qifeng Chen,强相关,include,视频、多视图与3D编辑,Title-level unknown / Other,视频,Deep Read,作为从单图编辑扩展到视频、多视图和3D场景的一致性方向阅读。,把编辑扩展到跨帧、跨视角或三维场景，关键是时空一致性。,CVF metadata title-level triage,video editing,,https://openaccess.thecvf.com/content/CVPR2026/html/Bai_Scaling_Instruction-Based_Video_Editing_with_a_High-Quality_Synthetic_Dataset_CVPR_2026_paper.html,https://openaccess.thecvf.com/content/CVPR2026/papers/Bai_Scaling_Instruction-Based_Video_Editing_with_a_High-Quality_Synthetic_Dataset_CVPR_2026_paper.pdf,https://arxiv.org/abs/2510.15742,
3427,2026-06-07,WiseEdit: Benchmarking Cognition- and Creativity-Informed Image Editing,"Kaihang Pan, Weile Chen, Haiyi Qiu et al.",Kaihang Pan; Weile Chen; Haiyi Qiu; Qifan Yu; Wendong Bu; Zehan Wang; Yun Zhu; Juncheng Li; Siliang Tang,强相关,include,评测、数据与可信编辑,Benchmark / Evaluation,图像,Deep Read,作为评测、授权、可信编辑和产品化约束阅读，适合指导后续benchmark设计。,评估、授权或约束编辑系统，使复杂指令和可信使用可被度量。,CVF metadata title-level triage,image editing,,https://openaccess.thecvf.com/content/CVPR2026/html/Pan_WiseEdit_Benchmarking_Cognition-_and_Creativity-Informed_Image_Editing_CVPR_2026_paper.html,https://openaccess.thecvf.com/content/CVPR2026/papers/Pan_WiseEdit_Benchmarking_Cognition-_and_Creativity-Informed_Image_Editing_CVPR_2026_paper.pdf,https://arxiv.org/abs/2512.00387,
3550,2026-06-07,Accelerating Diffusion-based Video Editing via Heterogeneous Caching: Beyond Full Computing at Sampled Denoising Timestep,"Tianyi Liu, Ye Lu, Linfeng Zhang et al.",Tianyi Liu; Ye Lu; Linfeng Zhang; Chen Cai; Jianjun Gao; Yi Wang; Kim-Hui Yap; Lap-Pui Chau,强相关,include,视频、多视图与3D编辑,Diffusion Model,视频,Deep Read,作为从单图编辑扩展到视频、多视图和3D场景的一致性方向阅读。,把编辑扩展到跨帧、跨视角或三维场景，关键是时空一致性。,CVF metadata title-level triage,video editing; denoising,,https://openaccess.thecvf.com/content/CVPR2026/html/Liu_Accelerating_Diffusion-based_Video_Editing_via_Heterogeneous_Caching_Beyond_Full_Computing_CVPR_2026_paper.html,https://openaccess.thecvf.com/content/CVPR2026/papers/Liu_Accelerating_Diffusion-based_Video_Editing_via_Heterogeneous_Caching_Beyond_Full_Computing_CVPR_2026_paper.pdf,https://arxiv.org/abs/2603.24260,
3600,2026-06-07,Coupled Diffusion Sampling for Training-Free Multi-View Image Editing,"Hadi Alzayer, Yunzhi Zhang, Chen Geng et al.",Hadi Alzayer; Yunzhi Zhang; Chen Geng; Jia-Bin Huang; Jiajun Wu,强相关,include,视频、多视图与3D编辑,Diffusion Model,3D / 多视图,Deep Read,作为从单图编辑扩展到视频、多视图和3D场景的一致性方向阅读。,把编辑扩展到跨帧、跨视角或三维场景，关键是时空一致性。,CVF metadata title-level triage,image editing; multi-view image editing,,https://openaccess.thecvf.com/content/CVPR2026/html/Alzayer_Coupled_Diffusion_Sampling_for_Training-Free_Multi-View_Image_Editing_CVPR_2026_paper.html,https://openaccess.thecvf.com/content/CVPR2026/papers/Alzayer_Coupled_Diffusion_Sampling_for_Training-Free_Multi-View_Image_Editing_CVPR_2026_paper.pdf,https://arxiv.org/abs/2510.14981,
3628,2026-06-07,Edit2Perceive: Image Editing Diffusion Models Are Strong Dense Perceivers,"Yiqing Shi, Yiren Song, Mike Zheng Shou",Yiqing Shi; Yiren Song; Mike Zheng Shou,强相关,include,直接编辑、修补与合成,Diffusion Model,图像,Deep Read,作为图像编辑主线方法精读，重点看编辑保真度、局部不串扰和推理步数。,直接改变图像局部或整体内容，包括指令编辑、修补、合成、属性操控。,CVF metadata title-level triage,image editing,,https://openaccess.thecvf.com/content/CVPR2026/html/Shi_Edit2Perceive_Image_Editing_Diffusion_Models_Are_Strong_Dense_Perceivers_CVPR_2026_paper.html,https://openaccess.thecvf.com/content/CVPR2026/papers/Shi_Edit2Perceive_Image_Editing_Diffusion_Models_Are_Strong_Dense_Perceivers_CVPR_2026_paper.pdf,https://arxiv.org/abs/2511.18673,
3760,2026-06-07,EasyOmnimatte: Taming Pretrained Inpainting Diffusion Models for End-to-End Video Layered Decompositio,"Yihan Hu, Xuelin Chen, Xiaodong Cun",Yihan Hu; Xuelin Chen; Xiaodong Cun,强相关,include,直接编辑、修补与合成,Diffusion Model,视频,Deep Read,作为图像编辑主线方法精读，重点看编辑保真度、局部不串扰和推理步数。,直接改变图像局部或整体内容，包括指令编辑、修补、合成、属性操控。,CVF metadata title-level triage,inpainting,,https://openaccess.thecvf.com/content/CVPR2026/html/Hu_EasyOmnimatte_Taming_Pretrained_Inpainting_Diffusion_Models_for_End-to-End_Video_Layered_CVPR_2026_paper.html,https://openaccess.thecvf.com/content/CVPR2026/papers/Hu_EasyOmnimatte_Taming_Pretrained_Inpainting_Diffusion_Models_for_End-to-End_Video_Layered_CVPR_2026_paper.pdf,,
3774,2026-06-07,EasyV2V: A High-quality Instruction-based Video Editing Framework,"Jinjie Mai, Chaoyang Wang, Gordon Guocheng Qian et al.",Jinjie Mai; Chaoyang Wang; Gordon Guocheng Qian; Willi Menapace; Sergey Tulyakov; Bernard Ghanem; Peter Wonka; Ashkan Mirzaei,强相关,include,视频、多视图与3D编辑,Title-level unknown / Other,视频,Deep Read,作为从单图编辑扩展到视频、多视图和3D场景的一致性方向阅读。,把编辑扩展到跨帧、跨视角或三维场景，关键是时空一致性。,CVF metadata title-level triage,video editing,,https://openaccess.thecvf.com/content/CVPR2026/html/Mai_EasyV2V_A_High-quality_Instruction-based_Video_Editing_Framework_CVPR_2026_paper.html,https://openaccess.thecvf.com/content/CVPR2026/papers/Mai_EasyV2V_A_High-quality_Instruction-based_Video_Editing_Framework_CVPR_2026_paper.pdf,https://arxiv.org/abs/2512.16920,
3811,2026-06-07,RegionRoute: Regional Style Transfer with Diffusion Model,"Bowen Chen, Jake Zuena, Alan C. Bovik et al.",Bowen Chen; Jake Zuena; Alan C. Bovik; Divya Kothandaraman,中相关,include,风格、纹理与外观编辑,Diffusion Model,图像,Skim -> Deep,作为外观迁移、风格/纹理素材生成模块阅读，重点看语义与纹理一致性。,改变纹理、风格、颜色或外观层，常作为图像编辑工作流的素材/外观模块。,CVF metadata title-level triage,style transfer; regional style; regional,,https://openaccess.thecvf.com/content/CVPR2026/html/Chen_RegionRoute_Regional_Style_Transfer_with_Diffusion_Model_CVPR_2026_paper.html,https://openaccess.thecvf.com/content/CVPR2026/papers/Chen_RegionRoute_Regional_Style_Transfer_with_Diffusion_Model_CVPR_2026_paper.pdf,https://arxiv.org/abs/2602.19254,
3929,2026-06-07,FreqEdit: Preserving High-Frequency Features for Robust Multi-Turn Image Editing,"Yucheng Liao, Jiajun Liang, Kaiqian Cui et al.",Yucheng Liao; Jiajun Liang; Kaiqian Cui; Baoquan Zhao; Haoran Xie; Wei Liu; Qing Li; Xudong Mao,强相关,include,直接编辑、修补与合成,Title-level unknown / Other,图像,Deep Read,作为图像编辑主线方法精读，重点看编辑保真度、局部不串扰和推理步数。,直接改变图像局部或整体内容，包括指令编辑、修补、合成、属性操控。,CVF metadata title-level triage,image editing,,https://openaccess.thecvf.com/content/CVPR2026/html/Liao_FreqEdit_Preserving_High-Frequency_Features_for_Robust_Multi-Turn_Image_Editing_CVPR_2026_paper.html,https://openaccess.thecvf.com/content/CVPR2026/papers/Liao_FreqEdit_Preserving_High-Frequency_Features_for_Robust_Multi-Turn_Image_Editing_CVPR_2026_paper.pdf,https://arxiv.org/abs/2512.01755,
3939,2026-06-07,GrOCE : Graph-Guided Online Concept Erasure for Text-to-Image Diffusion Models,"Ning Han, Zhenyu Ge, Feng Han et al.",Ning Han; Zhenyu Ge; Feng Han; Yuhua Sun; Chengqing Li; Jingjing Chen,强相关,include,概念擦除与模型治理,Diffusion Model,图像,Deep Read,作为安全编辑、模型治理与概念删除基线，重点看泛化、绕过与遗忘副作用。,从生成模型或输出行为中删除特定概念，兼顾安全和可控性。,CVF metadata title-level triage,concept erasure,,https://openaccess.thecvf.com/content/CVPR2026/html/Han_GrOCE__Graph-Guided_Online_Concept_Erasure_for_Text-to-Image_Diffusion_Models_CVPR_2026_paper.html,https://openaccess.thecvf.com/content/CVPR2026/papers/Han_GrOCE__Graph-Guided_Online_Concept_Erasure_for_Text-to-Image_Diffusion_Models_CVPR_2026_paper.pdf,,
3970,2026-06-07,Inter-Edit: First Benchmark for Interactive Instruction-Based Image Editing,"Delong Liu, Haotian Hou, Zhaohui Hou et al.",Delong Liu; Haotian Hou; Zhaohui Hou; Zhiyuan Huang; Shihao Han; Mingjie Zhan; Zhicheng Zhao; Fei Su,强相关,include,评测、数据与可信编辑,Benchmark / Evaluation,多模态指令,Deep Read,作为评测、授权、可信编辑和产品化约束阅读，适合指导后续benchmark设计。,评估、授权或约束编辑系统，使复杂指令和可信使用可被度量。,CVF metadata title-level triage,image editing; instruction[- ]based image (editing|retouching),,https://openaccess.thecvf.com/content/CVPR2026/html/Liu_Inter-Edit_First_Benchmark_for_Interactive_Instruction-Based_Image_Editing_CVPR_2026_paper.html,https://openaccess.thecvf.com/content/CVPR2026/papers/Liu_Inter-Edit_First_Benchmark_for_Interactive_Instruction-Based_Image_Editing_CVPR_2026_paper.pdf,,
3972,2026-06-07,Meta-CoT: Enhancing Granularity and Generalization in Image Editing,"Shiyi Zhang, Yiji Cheng, Tiankai Hang et al.",Shiyi Zhang; Yiji Cheng; Tiankai Hang; Zijin Yin; Runze He; Yu Xu; Wenxun Dai; Yunlong Lin; Chunyu Wang; Qinglin Lu; Yansong Tang,强相关,include,直接编辑、修补与合成,Title-level unknown / Other,图像,Deep Read,作为图像编辑主线方法精读，重点看编辑保真度、局部不串扰和推理步数。,直接改变图像局部或整体内容，包括指令编辑、修补、合成、属性操控。,CVF metadata title-level triage,image editing,,https://openaccess.thecvf.com/content/CVPR2026/html/Zhang_Meta-CoT_Enhancing_Granularity_and_Generalization_in_Image_Editing_CVPR_2026_paper.html,https://openaccess.thecvf.com/content/CVPR2026/papers/Zhang_Meta-CoT_Enhancing_Granularity_and_Generalization_in_Image_Editing_CVPR_2026_paper.pdf,https://arxiv.org/abs/2604.24625,
3973,2026-06-07,AutoCut: End-to-end advertisement video editing based on multimodal discretization and controllable generation,"Milton Zhou, Sizhong Qin, Yongzhi Li et al.",Milton Zhou; Sizhong Qin; Yongzhi Li; Quan Chen; Peng Jiang,强相关,include,视频、多视图与3D编辑,Title-level unknown / Other,视频,Deep Read,作为从单图编辑扩展到视频、多视图和3D场景的一致性方向阅读。,把编辑扩展到跨帧、跨视角或三维场景，关键是时空一致性。,CVF metadata title-level triage,video editing; controllable,,https://openaccess.thecvf.com/content/CVPR2026/html/Zhou_AutoCut_End-to-end_advertisement_video_editing_based_on_multimodal_discretization_and_CVPR_2026_paper.html,https://openaccess.thecvf.com/content/CVPR2026/papers/Zhou_AutoCut_End-to-end_advertisement_video_editing_based_on_multimodal_discretization_and_CVPR_2026_paper.pdf,https://arxiv.org/abs/2603.28366,
3990,2026-06-07,VIVA: VLM-Guided Instruction-Based Video Editing with Reward Optimization,"Xiaoyan Cong, Haotian Yang, Angtian Wang et al.",Xiaoyan Cong; Haotian Yang; Angtian Wang; Yizhi Wang; Yiding Yang; Canyu Zhang; Chongyang Ma,强相关,include,视频、多视图与3D编辑,Title-level unknown / Other,视频,Deep Read,作为从单图编辑扩展到视频、多视图和3D场景的一致性方向阅读。,把编辑扩展到跨帧、跨视角或三维场景，关键是时空一致性。,CVF metadata title-level triage,video editing,,https://openaccess.thecvf.com/content/CVPR2026/html/Cong_VIVA_VLM-Guided_Instruction-Based_Video_Editing_with_Reward_Optimization_CVPR_2026_paper.html,https://openaccess.thecvf.com/content/CVPR2026/papers/Cong_VIVA_VLM-Guided_Instruction-Based_Video_Editing_with_Reward_Optimization_CVPR_2026_paper.pdf,https://arxiv.org/abs/2512.16906,
4044,2026-06-07,High-Fidelity Virtual Try-On beyond Paired Data Scarcity via Diffusion-based Cycle-Consistent Learning,"Jia Wu, Yijing Dai, Tingfeng Cao et al.",Jia Wu; Yijing Dai; Tingfeng Cao; Meiling Wu; Tao Luo; Jian Dong Zhang; Guangming Lu; Xiaoyi Zeng,强相关,include,身份、人像与虚拟试穿,Diffusion Model,人像 / 人体,Deep Read,作为人像、身份保持、虚拟试穿方向阅读，重点看身份/属性解耦和数据协议。,保持人物身份、服饰或面部属性，同时改变外观、姿态或穿搭。,CVF metadata title-level triage,virtual try-on; try-on,,https://openaccess.thecvf.com/content/CVPR2026/html/Wu_High-Fidelity_Virtual_Try-On_beyond_Paired_Data_Scarcity_via_Diffusion-based_Cycle-Consistent_CVPR_2026_paper.html,https://openaccess.thecvf.com/content/CVPR2026/papers/Wu_High-Fidelity_Virtual_Try-On_beyond_Paired_Data_Scarcity_via_Diffusion-based_Cycle-Consistent_CVPR_2026_paper.pdf,,
4051,2026-06-07,RFDM: Residual Flow Diffusion Models for Video Editing,"Mohammadreza Salehi, Mehdi Noroozi, Luca Morreale et al.",Mohammadreza Salehi; Mehdi Noroozi; Luca Morreale; Ruchika Chavhan; Malcolm Chadwick; Alberto Gil Couto Pimentel Ramos; Abhinav Mehrotra,强相关,include,视频、多视图与3D编辑,Diffusion Model,视频,Deep Read,作为从单图编辑扩展到视频、多视图和3D场景的一致性方向阅读。,把编辑扩展到跨帧、跨视角或三维场景，关键是时空一致性。,CVF metadata title-level triage,video editing,,https://openaccess.thecvf.com/content/CVPR2026/html/Salehi_RFDM_Residual_Flow_Diffusion_Models_for_Video_Editing_CVPR_2026_paper.html,https://openaccess.thecvf.com/content/CVPR2026/papers/Salehi_RFDM_Residual_Flow_Diffusion_Models_for_Video_Editing_CVPR_2026_paper.pdf,,
4056,2026-06-07,Towards Robust Sequential Decomposition for Complex Image Editing,"Zilai Zeng, Mingdeng Cao, Zijie Li et al.",Zilai Zeng; Mingdeng Cao; Zijie Li; Xiaochen Lian; Yichun Shi; Peihao Zhu; Chen Sun; Peng Wang,强相关,include,直接编辑、修补与合成,Title-level unknown / Other,图像,Deep Read,作为图像编辑主线方法精读，重点看编辑保真度、局部不串扰和推理步数。,直接改变图像局部或整体内容，包括指令编辑、修补、合成、属性操控。,CVF metadata title-level triage,image editing,,https://openaccess.thecvf.com/content/CVPR2026/html/Zeng_Towards_Robust_Sequential_Decomposition_for_Complex_Image_Editing_CVPR_2026_paper.html,https://openaccess.thecvf.com/content/CVPR2026/papers/Zeng_Towards_Robust_Sequential_Decomposition_for_Complex_Image_Editing_CVPR_2026_paper.pdf,https://arxiv.org/abs/2605.09233,
4062,2026-06-07,CoT-Edit: Let CoT Guide Instruction Video Editing,"Sen Liang, Fengbin Guan, Youliang Zhang et al.",Sen Liang; Fengbin Guan; Youliang Zhang; Xin Li; Zhibo Chen,强相关,include,视频、多视图与3D编辑,Title-level unknown / Other,视频,Deep Read,作为从单图编辑扩展到视频、多视图和3D场景的一致性方向阅读。,把编辑扩展到跨帧、跨视角或三维场景，关键是时空一致性。,CVF metadata title-level triage,video editing,,https://openaccess.thecvf.com/content/CVPR2026/html/Liang_CoT-Edit_Let_CoT_Guide_Instruction_Video_Editing_CVPR_2026_paper.html,https://openaccess.thecvf.com/content/CVPR2026/papers/Liang_CoT-Edit_Let_CoT_Guide_Instruction_Video_Editing_CVPR_2026_paper.pdf,,
4068,2026-06-07,EditMGT: Unleashing Potentials of Masked Generative Transformers in Image Editing,"Wei Chow, Linfeng Li, Lingdong Kong et al.",Wei Chow; Linfeng Li; Lingdong Kong; Zefeng Li; Qi Xu; Hang Song; Tian Ye; Xian Wang; Jinbin Bai; Shilin Xu; Xiangtai Li; Junting Pan; Shaoteng Liu; Ran Zhou; Tianshu Yang; Songhua Liu,强相关,include,直接编辑、修补与合成,Title-level unknown / Other,图像,Deep Read,作为图像编辑主线方法精读，重点看编辑保真度、局部不串扰和推理步数。,直接改变图像局部或整体内容，包括指令编辑、修补、合成、属性操控。,CVF metadata title-level triage,image editing,,https://openaccess.thecvf.com/content/CVPR2026/html/Chow_EditMGT_Unleashing_Potentials_of_Masked_Generative_Transformers_in_Image_Editing_CVPR_2026_paper.html,https://openaccess.thecvf.com/content/CVPR2026/papers/Chow_EditMGT_Unleashing_Potentials_of_Masked_Generative_Transformers_in_Image_Editing_CVPR_2026_paper.pdf,https://arxiv.org/abs/2512.11715,
